
2026/07/24 11:48:19 [35mF:/softwer/hrhub/internal/database/postgres.go:19
[0m[31m[error] [0mfailed to initialize database, got error failed to connect to `user=shakil database=peoplehub`: [::1]:5432 (localhost): server error: FATAL: database "peoplehub" does not exist (SQLSTATE 3D000)

2026/07/24 11:48:30 [35mF:/softwer/hrhub/internal/database/postgres.go:19
[0m[31m[error] [0mfailed to initialize database, got error failed to connect to `user=shakil database=peoplehub`: [::1]:5432 (localhost): server error: FATAL: database "peoplehub" does not exist (SQLSTATE 3D000)

2026/07/24 11:48:41 [35mF:/softwer/hrhub/internal/database/postgres.go:19
[0m[31m[error] [0mfailed to initialize database, got error failed to connect to `user=shakil database=peoplehub`: [::1]:5432 (localhost): server error: FATAL: database "peoplehub" does not exist (SQLSTATE 3D000)

2026/07/24 11:48:52 [35mF:/softwer/hrhub/internal/database/postgres.go:19
[0m[31m[error] [0mfailed to initialize database, got error failed to connect to `user=shakil database=peoplehub`: [::1]:5432 (localhost): server error: FATAL: database "peoplehub" does not exist (SQLSTATE 3D000)

2026/07/24 11:49:02 [35mF:/softwer/hrhub/internal/database/postgres.go:19
[0m[31m[error] [0mfailed to initialize database, got error failed to connect to `user=shakil database=peoplehub`: [::1]:5432 (localhost): server error: FATAL: database "peoplehub" does not exist (SQLSTATE 3D000)

2026/07/24 11:49:13 [35mF:/softwer/hrhub/internal/database/postgres.go:19
[0m[31m[error] [0mfailed to initialize database, got error failed to connect to `user=shakil database=peoplehub`: [::1]:5432 (localhost): server error: FATAL: database "peoplehub" does not exist (SQLSTATE 3D000)

2026/07/24 11:49:24 [35mF:/softwer/hrhub/internal/database/postgres.go:19
[0m[31m[error] [0mfailed to initialize database, got error failed to connect to `user=shakil database=peoplehub`: [::1]:5432 (localhost): server error: FATAL: database "peoplehub" does not exist (SQLSTATE 3D000)

2026/07/24 11:49:35 [35mF:/softwer/hrhub/internal/database/postgres.go:19
[0m[31m[error] [0mfailed to initialize database, got error failed to connect to `user=shakil database=peoplehub`: [::1]:5432 (localhost): server error: FATAL: database "peoplehub" does not exist (SQLSTATE 3D000)

2026/07/24 11:49:46 [35mF:/softwer/hrhub/internal/database/postgres.go:19
[0m[31m[error] [0mfailed to initialize database, got error failed to connect to `user=shakil database=peoplehub`: [::1]:5432 (localhost): server error: FATAL: database "peoplehub" does not exist (SQLSTATE 3D000)

2026/07/24 11:49:57 [35mF:/softwer/hrhub/internal/database/postgres.go:19
[0m[31m[error] [0mfailed to initialize database, got error failed to connect to `user=shakil database=peoplehub`: [::1]:5432 (localhost): server error: FATAL: database "peoplehub" does not exist (SQLSTATE 3D000)

2026/07/24 11:50:08 [35mF:/softwer/hrhub/internal/database/postgres.go:19
[0m[31m[error] [0mfailed to initialize database, got error failed to connect to `user=shakil database=peoplehub`: [::1]:5432 (localhost): server error: FATAL: database "peoplehub" does not exist (SQLSTATE 3D000)

2026/07/24 11:50:18 [35mF:/softwer/hrhub/internal/database/postgres.go:19
[0m[31m[error] [0mfailed to initialize database, got error failed to connect to `user=shakil database=peoplehub`: [::1]:5432 (localhost): server error: FATAL: database "peoplehub" does not exist (SQLSTATE 3D000)

2026/07/24 11:50:29 [35mF:/softwer/hrhub/internal/database/postgres.go:19
[0m[31m[error] [0mfailed to initialize database, got error failed to connect to `user=shakil database=peoplehub`: [::1]:5432 (localhost): server error: FATAL: database "peoplehub" does not exist (SQLSTATE 3D000)

2026/07/24 11:50:35 [35mF:/softwer/hrhub/internal/database/postgres.go:19
[0m[31m[error] [0mfailed to initialize database, got error failed to connect to `user=shakil database=peoplehub`: [::1]:5432 (localhost): server error: FATAL: database "peoplehub" does not exist (SQLSTATE 3D000)

2026/07/24 11:50:40 [35mF:/softwer/hrhub/internal/database/postgres.go:19
[0m[31m[error] [0mfailed to initialize database, got error failed to connect to `user=shakil database=peoplehub`: [::1]:5432 (localhost): server error: FATAL: database "peoplehub" does not exist (SQLSTATE 3D000)

2026/07/24 11:50:46 [35mF:/softwer/hrhub/internal/database/postgres.go:19
[0m[31m[error] [0mfailed to initialize database, got error failed to connect to `user=shakil database=peoplehub`: [::1]:5432 (localhost): server error: FATAL: database "peoplehub" does not exist (SQLSTATE 3D000)

2026/07/24 11:50:51 [35mF:/softwer/hrhub/internal/database/postgres.go:19
[0m[31m[error] [0mfailed to initialize database, got error failed to connect to `user=shakil database=peoplehub`: [::1]:5432 (localhost): server error: FATAL: database "peoplehub" does not exist (SQLSTATE 3D000)

2026/07/24 11:50:57 [35mF:/softwer/hrhub/internal/database/postgres.go:19
[0m[31m[error] [0mfailed to initialize database, got error failed to connect to `user=shakil database=peoplehub`: [::1]:5432 (localhost): server error: FATAL: database "peoplehub" does not exist (SQLSTATE 3D000)

2026/07/24 11:51:02 [35mF:/softwer/hrhub/internal/database/postgres.go:19
[0m[31m[error] [0mfailed to initialize database, got error failed to connect to `user=shakil database=peoplehub`: [::1]:5432 (localhost): server error: FATAL: database "peoplehub" does not exist (SQLSTATE 3D000)

2026/07/24 11:51:08 [35mF:/softwer/hrhub/internal/database/postgres.go:19
[0m[31m[error] [0mfailed to initialize database, got error failed to connect to `user=shakil database=peoplehub`: [::1]:5432 (localhost): server error: FATAL: database "peoplehub" does not exist (SQLSTATE 3D000)

2026/07/24 11:51:13 [35mF:/softwer/hrhub/internal/database/postgres.go:19
[0m[31m[error] [0mfailed to initialize database, got error failed to connect to `user=shakil database=peoplehub`: [::1]:5432 (localhost): server error: FATAL: database "peoplehub" does not exist (SQLSTATE 3D000)

2026/07/24 11:51:19 [35mF:/softwer/hrhub/internal/database/postgres.go:19
[0m[31m[error] [0mfailed to initialize database, got error failed to connect to `user=shakil database=peoplehub`: [::1]:5432 (localhost): server error: FATAL: database "peoplehub" does not exist (SQLSTATE 3D000)

2026/07/24 11:51:23 [35mF:/softwer/hrhub/internal/database/postgres.go:19
[0m[31m[error] [0mfailed to initialize database, got error failed to connect to `user=shakil database=peoplehub`: [::1]:5432 (localhost): server error: FATAL: database "peoplehub" does not exist (SQLSTATE 3D000)

2026/07/24 11:51:29 [35mF:/softwer/hrhub/internal/database/postgres.go:19
[0m[31m[error] [0mfailed to initialize database, got error failed to connect to `user=shakil database=peoplehub`: [::1]:5432 (localhost): server error: FATAL: database "peoplehub" does not exist (SQLSTATE 3D000)

2026/07/24 11:51:34 [35mF:/softwer/hrhub/internal/database/postgres.go:19
[0m[31m[error] [0mfailed to initialize database, got error failed to connect to `user=shakil database=peoplehub`: [::1]:5432 (localhost): server error: FATAL: database "peoplehub" does not exist (SQLSTATE 3D000)

2026/07/24 11:51:40 [35mF:/softwer/hrhub/internal/database/postgres.go:19
[0m[31m[error] [0mfailed to initialize database, got error failed to connect to `user=shakil database=peoplehub`: [::1]:5432 (localhost): server error: FATAL: database "peoplehub" does not exist (SQLSTATE 3D000)

2026/07/24 11:51:45 [35mF:/softwer/hrhub/internal/database/postgres.go:19
[0m[31m[error] [0mfailed to initialize database, got error failed to connect to `user=shakil database=peoplehub`: [::1]:5432 (localhost): server error: FATAL: database "peoplehub" does not exist (SQLSTATE 3D000)

2026/07/24 11:51:51 [35mF:/softwer/hrhub/internal/database/postgres.go:19
[0m[31m[error] [0mfailed to initialize database, got error failed to connect to `user=shakil database=peoplehub`: [::1]:5432 (localhost): server error: FATAL: database "peoplehub" does not exist (SQLSTATE 3D000)

2026/07/24 11:51:56 [35mF:/softwer/hrhub/internal/database/postgres.go:19
[0m[31m[error] [0mfailed to initialize database, got error failed to connect to `user=shakil database=peoplehub`: [::1]:5432 (localhost): server error: FATAL: database "peoplehub" does not exist (SQLSTATE 3D000)

2026/07/24 11:52:02 [35mF:/softwer/hrhub/internal/database/postgres.go:19
[0m[31m[error] [0mfailed to initialize database, got error failed to connect to `user=shakil database=peoplehub`: [::1]:5432 (localhost): server error: FATAL: database "peoplehub" does not exist (SQLSTATE 3D000)

2026/07/24 11:52:07 [35mF:/softwer/hrhub/internal/database/postgres.go:19
[0m[31m[error] [0mfailed to initialize database, got error failed to connect to `user=shakil database=peoplehub`: [::1]:5432 (localhost): server error: FATAL: database "peoplehub" does not exist (SQLSTATE 3D000)

2026/07/24 11:52:13 [35mF:/softwer/hrhub/internal/database/postgres.go:19
[0m[31m[error] [0mfailed to initialize database, got error failed to connect to `user=shakil database=peoplehub`: [::1]:5432 (localhost): server error: FATAL: database "peoplehub" does not exist (SQLSTATE 3D000)

2026/07/24 11:52:18 [35mF:/softwer/hrhub/internal/database/postgres.go:19
[0m[31m[error] [0mfailed to initialize database, got error failed to connect to `user=shakil database=peoplehub`: [::1]:5432 (localhost): server error: FATAL: database "peoplehub" does not exist (SQLSTATE 3D000)

2026/07/24 11:52:24 [35mF:/softwer/hrhub/internal/database/postgres.go:19
[0m[31m[error] [0mfailed to initialize database, got error failed to connect to `user=shakil database=peoplehub`: [::1]:5432 (localhost): server error: FATAL: database "peoplehub" does not exist (SQLSTATE 3D000)

2026/07/24 11:52:28 [35mF:/softwer/hrhub/internal/database/postgres.go:19
[0m[31m[error] [0mfailed to initialize database, got error failed to connect to `user=shakil database=peoplehub`: [::1]:5432 (localhost): server error: FATAL: database "peoplehub" does not exist (SQLSTATE 3D000)
Database connected successfully
Database connected successfully
[GIN] 2026/07/24 - 11:55:33 | 204 |  520.5µs |             ::1 | OPTIONS  "/api/v1/auth/login"

2026/07/24 11:55:35 [32mF:/softwer/hrhub/internal/repository/user.go:45 [33mSLOW SQL >= 200ms
[0m[31;1m[317.581ms] [33m[rows:1][35m UPDATE "users" SET "failed_attempts"=0 WHERE id = 'bc342b4c-9896-4658-a041-74f288b56098' AND "users"."deleted_at" IS NULL[0m

2026/07/24 11:55:35 [31;1mF:/softwer/hrhub/internal/repository/user.go:123 [35;1mrecord not found
[0m[33m[3.001ms] [34;1m[rows:0][0m SELECT * FROM "employees" WHERE (user_id = 'bc342b4c-9896-4658-a041-74f288b56098' AND deleted_at IS NULL) AND "employees"."deleted_at" IS NULL ORDER BY "employees"."id" LIMIT 1
[GIN] 2026/07/24 - 11:55:35 | 200 |    1.86s |             ::1 | POST     "/api/v1/auth/login"
[GIN] 2026/07/24 - 12:16:56 | 204 |       0s |             ::1 | OPTIONS  "/api/v1/auth/me"
[GIN] 2026/07/24 - 12:16:56 | 401 | 196.46ms |             ::1 | GET      "/api/v1/auth/me"
[GIN] 2026/07/24 - 12:16:56 | 204 |       0s |             ::1 | OPTIONS  "/api/v1/auth/refresh"

2026/07/24 12:16:56 [31;1mF:/softwer/hrhub/internal/repository/user.go:123 [35;1mrecord not found
[0m[33m[1.996ms] [34;1m[rows:0][0m SELECT * FROM "employees" WHERE (user_id = 'bc342b4c-9896-4658-a041-74f288b56098' AND deleted_at IS NULL) AND "employees"."deleted_at" IS NULL ORDER BY "employees"."id" LIMIT 1
[GIN] 2026/07/24 - 12:16:56 | 200 | 122.66ms |             ::1 | POST     "/api/v1/auth/refresh"
[GIN] 2026/07/24 - 12:16:56 | 200 | 260.87ms |             ::1 | GET      "/api/v1/auth/me"
[GIN] 2026/07/24 - 12:16:58 | 204 |       0s |             ::1 | OPTIONS  "/api/v1/auth/logout"
[GIN] 2026/07/24 - 12:16:58 | 400 |       0s |             ::1 | POST     "/api/v1/auth/logout"
[GIN] 2026/07/24 - 12:17:00 | 204 |       0s |             ::1 | OPTIONS  "/api/v1/auth/login"

2026/07/24 12:17:00 [31;1mF:/softwer/hrhub/internal/repository/user.go:123 [35;1mrecord not found
[0m[33m[1.402ms] [34;1m[rows:0][0m SELECT * FROM "employees" WHERE (user_id = 'bc342b4c-9896-4658-a041-74f288b56098' AND deleted_at IS NULL) AND "employees"."deleted_at" IS NULL ORDER BY "employees"."id" LIMIT 1
[GIN] 2026/07/24 - 12:17:00 | 200 | 292.94ms |             ::1 | POST     "/api/v1/auth/login"
[GIN] 2026/07/24 - 12:17:01 | 204 |       0s |             ::1 | OPTIONS  "/api/v1/auth/me"
[GIN] 2026/07/24 - 12:17:01 | 200 |   1.24ms |             ::1 | GET      "/api/v1/auth/me"
[GIN] 2026/07/24 - 12:17:02 | 204 |       0s |             ::1 | OPTIONS  "/api/v1/companies?page=1&limit=10"
[GIN] 2026/07/24 - 12:17:02 | 204 |       0s |             ::1 | OPTIONS  "/api/v1/companies?page=1&limit=10"
[GIN] 2026/07/24 - 12:17:02 | 204 |       0s |             ::1 | OPTIONS  "/api/v1/companies?page=1&limit=10"
[GIN] 2026/07/24 - 12:17:03 | 200 | 166.64ms |             ::1 | GET      "/api/v1/companies?page=1&limit=10"
[GIN] 2026/07/24 - 12:17:03 | 200 |  990.4µs |             ::1 | GET      "/api/v1/companies?page=1&limit=10"
[GIN] 2026/07/24 - 12:17:03 | 200 |  999.8µs |             ::1 | GET      "/api/v1/companies?page=1&limit=10"
[GIN] 2026/07/24 - 12:17:03 | 304 |  39.26ms |             ::1 | GET      "/uploads/1a55adad8432f580_1784437436973812700.png"
[GIN] 2026/07/24 - 12:17:03 | 204 |       0s |             ::1 | OPTIONS  "/api/v1/shifts?page=1&limit=20"
[GIN] 2026/07/24 - 12:17:03 | 200 |  21.22ms |             ::1 | GET      "/api/v1/shifts?page=1&limit=20"
[GIN] 2026/07/24 - 12:17:04 | 204 |       0s |             ::1 | OPTIONS  "/api/v1/companies?limit=100"
[GIN] 2026/07/24 - 12:17:04 | 200 |  849.1µs |             ::1 | GET      "/api/v1/companies?limit=100"
[GIN] 2026/07/24 - 12:17:04 | 204 |       0s |             ::1 | OPTIONS  "/api/v1/temporary-shifts?page=1&limit=20&company_id=b0b60d1f-1bd8-4803-98ab-ecd40d8162f5"
[GIN] 2026/07/24 - 12:17:04 | 200 |  55.71ms |             ::1 | GET      "/api/v1/temporary-shifts?page=1&limit=20&company_id=b0b60d1f-1bd8-4803-98ab-ecd40d8162f5"
[GIN] 2026/07/24 - 12:17:04 | 204 |       0s |             ::1 | OPTIONS  "/api/v1/divisions?page=1&limit=20"
[GIN] 2026/07/24 - 12:17:04 | 204 |       0s |             ::1 | OPTIONS  "/api/v1/divisions?page=1&limit=20"
[GIN] 2026/07/24 - 12:17:04 | 200 |  10.41ms |             ::1 | GET      "/api/v1/divisions?page=1&limit=20"
[GIN] 2026/07/24 - 12:17:04 | 200 |  939.5µs |             ::1 | GET      "/api/v1/divisions?page=1&limit=20"
[GIN] 2026/07/24 - 12:17:05 | 204 |       0s |             ::1 | OPTIONS  "/api/v1/groups?page=1&limit=20"
[GIN] 2026/07/24 - 12:17:05 | 200 |  19.23ms |             ::1 | GET      "/api/v1/groups?page=1&limit=20"
[GIN] 2026/07/24 - 12:17:06 | 204 |       0s |             ::1 | OPTIONS  "/api/v1/floors?page=1&limit=20"
[GIN] 2026/07/24 - 12:17:06 | 200 |   2.14ms |             ::1 | GET      "/api/v1/floors?page=1&limit=20"
[GIN] 2026/07/24 - 12:27:17 | 204 |       0s |             ::1 | OPTIONS  "/api/v1/auth/me"
[GIN] 2026/07/24 - 12:27:17 | 200 |   1.13ms |             ::1 | GET      "/api/v1/auth/me"
[GIN] 2026/07/24 - 12:27:19 | 204 |       0s |             ::1 | OPTIONS  "/api/v1/auth/logout"
[GIN] 2026/07/24 - 12:27:19 | 400 |       0s |             ::1 | POST     "/api/v1/auth/logout"
[GIN] 2026/07/24 - 12:27:21 | 204 |    565µs |             ::1 | OPTIONS  "/api/v1/auth/login"

2026/07/24 12:27:21 [31;1mF:/softwer/hrhub/internal/repository/user.go:123 [35;1mrecord not found
[0m[33m[0.994ms] [34;1m[rows:0][0m SELECT * FROM "employees" WHERE (user_id = 'bc342b4c-9896-4658-a041-74f288b56098' AND deleted_at IS NULL) AND "employees"."deleted_at" IS NULL ORDER BY "employees"."id" LIMIT 1
[GIN] 2026/07/24 - 12:27:21 | 200 | 297.13ms |             ::1 | POST     "/api/v1/auth/login"
[GIN] 2026/07/24 - 12:27:21 | 200 |  640.9µs |             ::1 | GET      "/api/v1/auth/me"
[GIN] 2026/07/24 - 12:27:23 | 204 |       0s |             ::1 | OPTIONS  "/api/v1/companies?page=1&limit=10"
[GIN] 2026/07/24 - 12:27:23 | 204 |       0s |             ::1 | OPTIONS  "/api/v1/companies?page=1&limit=10"
[GIN] 2026/07/24 - 12:27:23 | 204 |       0s |             ::1 | OPTIONS  "/api/v1/companies?page=1&limit=10"
[GIN] 2026/07/24 - 12:27:23 | 200 |   1.12ms |             ::1 | GET      "/api/v1/companies?page=1&limit=10"
[GIN] 2026/07/24 - 12:27:23 | 200 |   1.52ms |             ::1 | GET      "/api/v1/companies?page=1&limit=10"
[GIN] 2026/07/24 - 12:27:23 | 200 |  847.4µs |             ::1 | GET      "/api/v1/companies?page=1&limit=10"
[GIN] 2026/07/24 - 12:27:25 | 204 |       0s |             ::1 | OPTIONS  "/api/v1/companies?limit=100"
[GIN] 2026/07/24 - 12:27:25 | 204 |       0s |             ::1 | OPTIONS  "/api/v1/departments?limit=100"
[GIN] 2026/07/24 - 12:27:25 | 204 |       0s |             ::1 | OPTIONS  "/api/v1/sections?limit=100"
[GIN] 2026/07/24 - 12:27:25 | 204 |       0s |             ::1 | OPTIONS  "/api/v1/designations?limit=100"
[GIN] 2026/07/24 - 12:27:25 | 204 |       0s |             ::1 | OPTIONS  "/api/v1/lines?limit=100"
[GIN] 2026/07/24 - 12:27:25 | 204 |       0s |             ::1 | OPTIONS  "/api/v1/groups?limit=100"
[GIN] 2026/07/24 - 12:27:25 | 200 |   1.81ms |             ::1 | GET      "/api/v1/companies?limit=100"
[GIN] 2026/07/24 - 12:27:25 | 204 |   1.01ms |             ::1 | OPTIONS  "/api/v1/shifts?limit=100"
[GIN] 2026/07/24 - 12:27:25 | 204 |       0s |             ::1 | OPTIONS  "/api/v1/attendance?date=2026-07-24&page=1&limit=20"
[GIN] 2026/07/24 - 12:27:25 | 204 |       0s |             ::1 | OPTIONS  "/api/v1/attendance?date=2026-07-24&page=1&limit=20"
[GIN] 2026/07/24 - 12:27:25 | 200 |   1.12ms |             ::1 | GET      "/api/v1/groups?limit=100"
[GIN] 2026/07/24 - 12:27:25 | 200 |  24.87ms |             ::1 | GET      "/api/v1/sections?limit=100"
[GIN] 2026/07/24 - 12:27:25 | 200 | 141.47ms |             ::1 | GET      "/api/v1/shifts?limit=100"
[GIN] 2026/07/24 - 12:27:25 | 200 | 158.05ms |             ::1 | GET      "/api/v1/lines?limit=100"
[GIN] 2026/07/24 - 12:27:25 | 200 | 312.15ms |             ::1 | GET      "/api/v1/departments?limit=100"

2026/07/24 12:27:25 [32mF:/softwer/hrhub/internal/repository/organization.go:93 [33mSLOW SQL >= 200ms
[0m[31;1m[228.068ms] [33m[rows:1][35m SELECT count(*) FROM "designations" WHERE deleted_at IS NULL AND "designations"."deleted_at" IS NULL[0m
[GIN] 2026/07/24 - 12:27:25 | 200 | 328.37ms |             ::1 | GET      "/api/v1/designations?limit=100"

2026/07/24 12:27:25 [32mF:/softwer/hrhub/internal/repository/attendance.go:40 [33mSLOW SQL >= 200ms
[0m[31;1m[339.181ms] [33m[rows:20][35m SELECT * FROM "attendances" WHERE (date = '2026-07-24' AND deleted_at IS NULL) AND "attendances"."deleted_at" IS NULL ORDER BY created_at ASC LIMIT 20[0m
[GIN] 2026/07/24 - 12:27:25 | 200 | 443.91ms |             ::1 | GET      "/api/v1/attendance?date=2026-07-24&page=1&limit=20"
[GIN] 2026/07/24 - 12:27:25 | 200 |   8.89ms |             ::1 | GET      "/api/v1/attendance?date=2026-07-24&page=1&limit=20"
[GIN] 2026/07/24 - 12:27:30 | 204 |       0s |             ::1 | OPTIONS  "/api/v1/attendance?date=2026-07-23&page=1&limit=20"
[GIN] 2026/07/24 - 12:27:30 | 200 |   4.53ms |             ::1 | GET      "/api/v1/attendance?date=2026-07-23&page=1&limit=20"
[GIN] 2026/07/24 - 12:31:08 | 403 |       0s |             ::1 | GET      "/api/v1/auth/me"
[GIN] 2026/07/24 - 12:31:13 | 403 |       0s |             ::1 | GET      "/api/v1/auth/me"
[GIN] 2026/07/24 - 12:47:26 | 401 |       0s |             ::1 | GET      "/api/v1/auth/me"
[GIN] 2026/07/24 - 12:49:52 | 401 |  67.81ms |             ::1 | GET      "/api/v1/auth/me"
[GIN] 2026/07/24 - 12:49:56 | 204 |       0s |             ::1 | OPTIONS  "/api/v1/auth/login"

2026/07/24 12:49:56 [31;1mF:/softwer/hrhub/internal/repository/user.go:20 [35;1mrecord not found
[0m[33m[6.836ms] [34;1m[rows:0][0m SELECT * FROM "users" WHERE (email = 'admin@erp.com' AND deleted_at IS NULL) AND "users"."deleted_at" IS NULL ORDER BY "users"."id" LIMIT 1
[GIN] 2026/07/24 - 12:49:56 | 401 |   6.83ms |             ::1 | POST     "/api/v1/auth/login"
[GIN] 2026/07/24 - 12:50:44 | 204 |       0s |             ::1 | OPTIONS  "/api/v1/auth/me"
[GIN] 2026/07/24 - 12:50:44 | 401 |       0s |             ::1 | GET      "/api/v1/auth/me"
[GIN] 2026/07/24 - 12:50:44 | 204 |    542µs |             ::1 | OPTIONS  "/api/v1/auth/refresh"

2026/07/24 12:50:44 [31;1mF:/softwer/hrhub/internal/repository/user.go:123 [35;1mrecord not found
[0m[33m[2.916ms] [34;1m[rows:0][0m SELECT * FROM "employees" WHERE (user_id = 'bc342b4c-9896-4658-a041-74f288b56098' AND deleted_at IS NULL) AND "employees"."deleted_at" IS NULL ORDER BY "employees"."id" LIMIT 1
[GIN] 2026/07/24 - 12:50:44 | 200 |  37.64ms |             ::1 | POST     "/api/v1/auth/refresh"
[GIN] 2026/07/24 - 12:50:44 | 200 |  14.31ms |             ::1 | GET      "/api/v1/auth/me"
[GIN] 2026/07/24 - 12:50:46 | 204 |       0s |             ::1 | OPTIONS  "/api/v1/companies?page=1&limit=10"
[GIN] 2026/07/24 - 12:50:46 | 204 |       0s |             ::1 | OPTIONS  "/api/v1/companies?page=1&limit=10"
[GIN] 2026/07/24 - 12:50:46 | 200 |   8.94ms |             ::1 | GET      "/api/v1/companies?page=1&limit=10"
[GIN] 2026/07/24 - 12:50:46 | 200 |    1.4ms |             ::1 | GET      "/api/v1/companies?page=1&limit=10"
[GIN] 2026/07/24 - 12:50:46 | 200 |  518.8µs |             ::1 | GET      "/api/v1/companies?page=1&limit=10"
[GIN] 2026/07/24 - 12:53:34 | 204 |       0s |             ::1 | OPTIONS  "/api/v1/data-logs/stats"
[GIN] 2026/07/24 - 12:53:34 | 200 | 142.62ms |             ::1 | GET      "/api/v1/data-logs/stats"
[GIN] 2026/07/24 - 12:53:38 | 204 |       0s |             ::1 | OPTIONS  "/api/v1/data-logs/import"
[GIN] 2026/07/24 - 12:53:40 | 200 |     1.5s |             ::1 | POST     "/api/v1/data-logs/import"
[GIN] 2026/07/24 - 12:53:40 | 204 |       0s |             ::1 | OPTIONS  "/api/v1/data-logs/stats"
[GIN] 2026/07/24 - 12:53:40 | 200 |   4.21ms |             ::1 | GET      "/api/v1/data-logs/stats"
[GIN] 2026/07/24 - 12:54:05 | 204 |       0s |             ::1 | OPTIONS  "/api/v1/attendance/stats"
[GIN] 2026/07/24 - 12:54:05 | 204 |   1.01ms |             ::1 | OPTIONS  "/api/v1/companies?limit=100"
[GIN] 2026/07/24 - 12:54:05 | 200 |      4ms |             ::1 | GET      "/api/v1/attendance/stats"
[GIN] 2026/07/24 - 12:54:05 | 200 |   4.29ms |             ::1 | GET      "/api/v1/companies?limit=100"
[GIN] 2026/07/24 - 12:54:10 | 204 |       0s |             ::1 | OPTIONS  "/api/v1/data-logs/process"
[GIN] 2026/07/24 - 12:54:11 | 200 | 669.15ms |             ::1 | POST     "/api/v1/data-logs/process"
[GIN] 2026/07/24 - 12:54:11 | 204 |       0s |             ::1 | OPTIONS  "/api/v1/attendance/stats"
[GIN] 2026/07/24 - 12:54:11 | 200 |  779.4µs |             ::1 | GET      "/api/v1/attendance/stats"
[GIN] 2026/07/24 - 12:55:08 | 204 |       0s |             ::1 | OPTIONS  "/api/v1/departments?limit=100"
[GIN] 2026/07/24 - 12:55:08 | 204 |       0s |             ::1 | OPTIONS  "/api/v1/companies?limit=100"
[GIN] 2026/07/24 - 12:55:08 | 204 |       0s |             ::1 | OPTIONS  "/api/v1/sections?limit=100"
[GIN] 2026/07/24 - 12:55:08 | 204 |       0s |             ::1 | OPTIONS  "/api/v1/designations?limit=100"
[GIN] 2026/07/24 - 12:55:08 | 204 |       0s |             ::1 | OPTIONS  "/api/v1/lines?limit=100"
[GIN] 2026/07/24 - 12:55:08 | 204 |       0s |             ::1 | OPTIONS  "/api/v1/groups?limit=100"
[GIN] 2026/07/24 - 12:55:08 | 200 |   5.52ms |             ::1 | GET      "/api/v1/departments?limit=100"
[GIN] 2026/07/24 - 12:55:08 | 204 |       0s |             ::1 | OPTIONS  "/api/v1/shifts?limit=100"
[GIN] 2026/07/24 - 12:55:08 | 200 |  997.8µs |             ::1 | GET      "/api/v1/lines?limit=100"
[GIN] 2026/07/24 - 12:55:08 | 200 |   7.62ms |             ::1 | GET      "/api/v1/designations?limit=100"
[GIN] 2026/07/24 - 12:55:08 | 204 |       0s |             ::1 | OPTIONS  "/api/v1/attendance?date=2026-07-24&page=1&limit=20"
[GIN] 2026/07/24 - 12:55:08 | 204 |       0s |             ::1 | OPTIONS  "/api/v1/attendance?date=2026-07-24&page=1&limit=20"
[GIN] 2026/07/24 - 12:55:08 | 200 |  17.52ms |             ::1 | GET      "/api/v1/groups?limit=100"
[GIN] 2026/07/24 - 12:55:08 | 200 |  27.93ms |             ::1 | GET      "/api/v1/shifts?limit=100"
[GIN] 2026/07/24 - 12:55:08 | 200 |   20.2ms |             ::1 | GET      "/api/v1/attendance?date=2026-07-24&page=1&limit=20"
[GIN] 2026/07/24 - 12:55:08 | 200 |   7.36ms |             ::1 | GET      "/api/v1/attendance?date=2026-07-24&page=1&limit=20"
[GIN] 2026/07/24 - 12:55:08 | 200 |   94.4ms |             ::1 | GET      "/api/v1/sections?limit=100"
[GIN] 2026/07/24 - 12:55:08 | 200 | 118.23ms |             ::1 | GET      "/api/v1/companies?limit=100"
[GIN] 2026/07/24 - 12:55:16 | 204 |       0s |             ::1 | OPTIONS  "/api/v1/attendance?date=2026-07-24&page=1&limit=20"
[GIN] 2026/07/24 - 12:55:16 | 200 |   4.36ms |             ::1 | GET      "/api/v1/attendance?date=2026-07-24&page=1&limit=20"
[GIN] 2026/07/24 - 12:55:24 | 204 |       0s |             ::1 | OPTIONS  "/api/v1/data-logs/stats"
[GIN] 2026/07/24 - 12:55:24 | 200 |  10.22ms |             ::1 | GET      "/api/v1/data-logs/stats"
[GIN] 2026/07/24 - 12:55:31 | 204 |       0s |             ::1 | OPTIONS  "/api/v1/companies?limit=100"
[GIN] 2026/07/24 - 12:55:31 | 204 |       0s |             ::1 | OPTIONS  "/api/v1/sections?limit=100"
[GIN] 2026/07/24 - 12:55:31 | 204 |       0s |             ::1 | OPTIONS  "/api/v1/departments?limit=100"
[GIN] 2026/07/24 - 12:55:31 | 204 |       0s |             ::1 | OPTIONS  "/api/v1/designations?limit=100"
[GIN] 2026/07/24 - 12:55:31 | 204 |       0s |             ::1 | OPTIONS  "/api/v1/lines?limit=100"
[GIN] 2026/07/24 - 12:55:31 | 204 |       0s |             ::1 | OPTIONS  "/api/v1/groups?limit=100"
[GIN] 2026/07/24 - 12:55:31 | 204 |       0s |             ::1 | OPTIONS  "/api/v1/shifts?limit=100"
[GIN] 2026/07/24 - 12:55:31 | 200 |   4.51ms |             ::1 | GET      "/api/v1/sections?limit=100"
[GIN] 2026/07/24 - 12:55:31 | 204 |       0s |             ::1 | OPTIONS  "/api/v1/attendance?date=2026-07-24&page=1&limit=20"
[GIN] 2026/07/24 - 12:55:31 | 200 |   4.51ms |             ::1 | GET      "/api/v1/companies?limit=100"
[GIN] 2026/07/24 - 12:55:31 | 204 |       0s |             ::1 | OPTIONS  "/api/v1/attendance?date=2026-07-24&page=1&limit=20"
[GIN] 2026/07/24 - 12:55:31 | 200 |   3.53ms |             ::1 | GET      "/api/v1/groups?limit=100"
[GIN] 2026/07/24 - 12:55:31 | 200 |   3.53ms |             ::1 | GET      "/api/v1/shifts?limit=100"
[GIN] 2026/07/24 - 12:55:31 | 200 | 109.29ms |             ::1 | GET      "/api/v1/designations?limit=100"
[GIN] 2026/07/24 - 12:55:31 | 200 | 107.75ms |             ::1 | GET      "/api/v1/attendance?date=2026-07-24&page=1&limit=20"
[GIN] 2026/07/24 - 12:55:31 | 200 | 129.63ms |             ::1 | GET      "/api/v1/departments?limit=100"
[GIN] 2026/07/24 - 12:55:31 | 200 | 121.32ms |             ::1 | GET      "/api/v1/lines?limit=100"
[GIN] 2026/07/24 - 12:55:31 | 200 |  28.31ms |             ::1 | GET      "/api/v1/attendance?date=2026-07-24&page=1&limit=20"
[GIN] 2026/07/24 - 12:55:32 | 204 |       0s |             ::1 | OPTIONS  "/api/v1/attendance/summary?start_date=2026-07-24&end_date=2026-07-24&group_by=department"
[GIN] 2026/07/24 - 12:55:32 | 200 |  510.7µs |             ::1 | GET      "/api/v1/companies?limit=100"
[GIN] 2026/07/24 - 12:55:32 | 200 |   3.01ms |             ::1 | GET      "/api/v1/shifts?limit=100"
[GIN] 2026/07/24 - 12:55:32 | 200 |   4.52ms |             ::1 | GET      "/api/v1/departments?limit=100"
[GIN] 2026/07/24 - 12:55:32 | 200 |  44.82ms |             ::1 | GET      "/api/v1/groups?limit=100"
[GIN] 2026/07/24 - 12:55:32 | 200 |  76.78ms |             ::1 | GET      "/api/v1/attendance/summary?start_date=2026-07-24&end_date=2026-07-24&group_by=department"
[GIN] 2026/07/24 - 12:55:35 | 200 |      1ms |             ::1 | GET      "/api/v1/departments?limit=100"
[GIN] 2026/07/24 - 12:55:35 | 200 |      1ms |             ::1 | GET      "/api/v1/companies?limit=100"
[GIN] 2026/07/24 - 12:55:35 | 200 |   1.15ms |             ::1 | GET      "/api/v1/sections?limit=100"
[GIN] 2026/07/24 - 12:55:35 | 200 |  509.5µs |             ::1 | GET      "/api/v1/groups?limit=100"
[GIN] 2026/07/24 - 12:55:35 | 200 |   2.97ms |             ::1 | GET      "/api/v1/designations?limit=100"
[GIN] 2026/07/24 - 12:55:35 | 200 |   4.06ms |             ::1 | GET      "/api/v1/shifts?limit=100"
[GIN] 2026/07/24 - 12:55:35 | 200 |   6.22ms |             ::1 | GET      "/api/v1/attendance?date=2026-07-24&page=1&limit=20"
[GIN] 2026/07/24 - 12:55:35 | 200 |   7.99ms |             ::1 | GET      "/api/v1/attendance?date=2026-07-24&page=1&limit=20"
[GIN] 2026/07/24 - 12:55:35 | 200 |  49.59ms |             ::1 | GET      "/api/v1/lines?limit=100"
[GIN] 2026/07/24 - 12:55:40 | 204 |       0s |             ::1 | OPTIONS  "/api/v1/companies?limit=100"
[GIN] 2026/07/24 - 12:55:40 | 204 |   1.01ms |             ::1 | OPTIONS  "/api/v1/departments?limit=100"
[GIN] 2026/07/24 - 12:55:40 | 204 |       0s |             ::1 | OPTIONS  "/api/v1/groups?limit=100"
[GIN] 2026/07/24 - 12:55:40 | 200 |   1.51ms |             ::1 | GET      "/api/v1/departments?limit=100"
[GIN] 2026/07/24 - 12:55:40 | 204 |       0s |             ::1 | OPTIONS  "/api/v1/shifts?limit=100"
[GIN] 2026/07/24 - 12:55:40 | 204 |       0s |             ::1 | OPTIONS  "/api/v1/attendance/summary?start_date=2026-07-24&end_date=2026-07-24&group_by=department"
[GIN] 2026/07/24 - 12:55:40 | 200 |  699.5µs |             ::1 | GET      "/api/v1/shifts?limit=100"
[GIN] 2026/07/24 - 12:55:40 | 200 |   2.97ms |             ::1 | GET      "/api/v1/attendance/summary?start_date=2026-07-24&end_date=2026-07-24&group_by=department"
[GIN] 2026/07/24 - 12:55:40 | 200 |  57.02ms |             ::1 | GET      "/api/v1/groups?limit=100"
[GIN] 2026/07/24 - 12:55:40 | 200 | 152.53ms |             ::1 | GET      "/api/v1/companies?limit=100"
[GIN] 2026/07/24 - 12:55:42 | 204 |       0s |             ::1 | OPTIONS  "/api/v1/attendance?date=2026-07-24&page=1&limit=20"
[GIN] 2026/07/24 - 12:55:42 | 204 |       0s |             ::1 | OPTIONS  "/api/v1/sections?limit=100"
[GIN] 2026/07/24 - 12:55:42 | 204 |       0s |             ::1 | OPTIONS  "/api/v1/attendance?date=2026-07-24&page=1&limit=20"
[GIN] 2026/07/24 - 12:55:42 | 204 |       0s |             ::1 | OPTIONS  "/api/v1/lines?limit=100"
[GIN] 2026/07/24 - 12:55:42 | 204 |       0s |             ::1 | OPTIONS  "/api/v1/designations?limit=100"
[GIN] 2026/07/24 - 12:55:42 | 200 |  16.52ms |             ::1 | GET      "/api/v1/shifts?limit=100"
[GIN] 2026/07/24 - 12:55:42 | 200 |  18.47ms |             ::1 | GET      "/api/v1/companies?limit=100"
[GIN] 2026/07/24 - 12:55:42 | 200 |      1ms |             ::1 | GET      "/api/v1/lines?limit=100"
[GIN] 2026/07/24 - 12:55:42 | 200 |      1ms |             ::1 | GET      "/api/v1/designations?limit=100"
[GIN] 2026/07/24 - 12:55:42 | 200 |  76.06ms |             ::1 | GET      "/api/v1/sections?limit=100"
[GIN] 2026/07/24 - 12:55:42 | 200 |  83.06ms |             ::1 | GET      "/api/v1/departments?limit=100"
[GIN] 2026/07/24 - 12:55:42 | 200 | 100.12ms |             ::1 | GET      "/api/v1/groups?limit=100"
[GIN] 2026/07/24 - 12:55:42 | 200 |  90.12ms |             ::1 | GET      "/api/v1/attendance?date=2026-07-24&page=1&limit=20"
[GIN] 2026/07/24 - 12:55:42 | 200 |  37.21ms |             ::1 | GET      "/api/v1/attendance?date=2026-07-24&page=1&limit=20"
[GIN] 2026/07/24 - 12:55:48 | 204 |       0s |             ::1 | OPTIONS  "/api/v1/dashboard/stats"
[GIN] 2026/07/24 - 12:55:48 | 200 |  97.05ms |             ::1 | GET      "/api/v1/dashboard/stats"
[GIN] 2026/07/24 - 12:56:04 | 204 |       0s |             ::1 | OPTIONS  "/api/v1/dashboard/stats"
[GIN] 2026/07/24 - 12:56:04 | 204 |       0s |             ::1 | OPTIONS  "/api/v1/employees?status=active&limit=10"
[GIN] 2026/07/24 - 12:56:04 | 204 |       0s |             ::1 | OPTIONS  "/api/v1/separations"
[GIN] 2026/07/24 - 12:56:04 | 200 |  23.32ms |             ::1 | GET      "/api/v1/dashboard/stats"
[GIN] 2026/07/24 - 12:56:04 | 200 |  28.19ms |             ::1 | GET      "/api/v1/employees?status=active&limit=10"
[GIN] 2026/07/24 - 12:56:04 | 200 |  55.23ms |             ::1 | GET      "/api/v1/separations"
[GIN] 2026/07/24 - 12:56:09 | 204 |       0s |             ::1 | OPTIONS  "/api/v1/dashboard/stats"
[GIN] 2026/07/24 - 12:56:09 | 200 |  29.14ms |             ::1 | GET      "/api/v1/dashboard/stats"
[GIN] 2026/07/24 - 12:56:43 | 204 |       0s |             ::1 | OPTIONS  "/api/v1/auth/logout"
[GIN] 2026/07/24 - 12:56:43 | 400 |       0s |             ::1 | POST     "/api/v1/auth/logout"
[GIN] 2026/07/24 - 12:56:46 | 204 |       0s |             ::1 | OPTIONS  "/api/v1/auth/login"

2026/07/24 12:56:46 [31;1mF:/softwer/hrhub/internal/repository/user.go:123 [35;1mrecord not found
[0m[33m[0.000ms] [34;1m[rows:0][0m SELECT * FROM "employees" WHERE (user_id = 'bc342b4c-9896-4658-a041-74f288b56098' AND deleted_at IS NULL) AND "employees"."deleted_at" IS NULL ORDER BY "employees"."id" LIMIT 1
[GIN] 2026/07/24 - 12:56:46 | 200 | 282.53ms |             ::1 | POST     "/api/v1/auth/login"
[GIN] 2026/07/24 - 12:56:46 | 204 |       0s |             ::1 | OPTIONS  "/api/v1/auth/me"
[GIN] 2026/07/24 - 12:56:46 | 200 |   1.34ms |             ::1 | GET      "/api/v1/auth/me"
[GIN] 2026/07/24 - 12:57:23 | 204 |       0s |             ::1 | OPTIONS  "/api/v1/employees?employee_type=Regular&status=active&page=1&limit=20"
[GIN] 2026/07/24 - 12:57:23 | 204 |       0s |             ::1 | OPTIONS  "/api/v1/departments?limit=100"
[GIN] 2026/07/24 - 12:57:23 | 204 |       0s |             ::1 | OPTIONS  "/api/v1/companies?limit=100"
[GIN] 2026/07/24 - 12:57:24 | 204 |  998.5µs |             ::1 | OPTIONS  "/api/v1/floors?limit=100"
[GIN] 2026/07/24 - 12:57:24 | 204 |       0s |             ::1 | OPTIONS  "/api/v1/groups?limit=100"
[GIN] 2026/07/24 - 12:57:24 | 204 |       0s |             ::1 | OPTIONS  "/api/v1/shifts?limit=100"
[GIN] 2026/07/24 - 12:57:24 | 200 |    3.4ms |             ::1 | GET      "/api/v1/shifts?limit=100"
[GIN] 2026/07/24 - 12:57:24 | 200 |   2.82ms |             ::1 | GET      "/api/v1/groups?limit=100"
[GIN] 2026/07/24 - 12:57:24 | 200 |   4.54ms |             ::1 | GET      "/api/v1/floors?limit=100"
[GIN] 2026/07/24 - 12:57:24 | 200 |  31.93ms |             ::1 | GET      "/api/v1/employees?employee_type=Regular&status=active&page=1&limit=20"
[GIN] 2026/07/24 - 12:57:24 | 200 |  80.85ms |             ::1 | GET      "/api/v1/companies?limit=100"
[GIN] 2026/07/24 - 12:57:24 | 200 |  83.89ms |             ::1 | GET      "/api/v1/departments?limit=100"
[GIN] 2026/07/24 - 12:57:24 | 200 |   6.13ms |             ::1 | GET      "/api/v1/employees?employee_type=Regular&status=active&page=1&limit=20"
[GIN] 2026/07/24 - 12:57:29 | 204 |       0s |             ::1 | OPTIONS  "/api/v1/requirements/section-summary"
[GIN] 2026/07/24 - 12:57:29 | 200 |  53.95ms |             ::1 | GET      "/api/v1/requirements/section-summary"
[GIN] 2026/07/24 - 12:57:30 | 204 |       0s |             ::1 | OPTIONS  "/api/v1/lines"
[GIN] 2026/07/24 - 12:57:30 | 204 |       0s |             ::1 | OPTIONS  "/api/v1/designations"
[GIN] 2026/07/24 - 12:57:30 | 204 |       0s |             ::1 | OPTIONS  "/api/v1/departments?limit=100"
[GIN] 2026/07/24 - 12:57:30 | 204 |       0s |             ::1 | OPTIONS  "/api/v1/groups"
[GIN] 2026/07/24 - 12:57:30 | 204 |       0s |             ::1 | OPTIONS  "/api/v1/companies?limit=100"
[GIN] 2026/07/24 - 12:57:30 | 204 |       0s |             ::1 | OPTIONS  "/api/v1/sections"
[GIN] 2026/07/24 - 12:57:30 | 204 |       0s |             ::1 | OPTIONS  "/api/v1/separations?date_from=2026-06-30&date_to=2026-07-24&page=1&limit=20"
[GIN] 2026/07/24 - 12:57:30 | 204 |       0s |             ::1 | OPTIONS  "/api/v1/separations?date_from=2026-06-30&date_to=2026-07-24&page=1&limit=20"
[GIN] 2026/07/24 - 12:57:30 | 200 |   1.52ms |             ::1 | GET      "/api/v1/lines"
[GIN] 2026/07/24 - 12:57:30 | 200 |      1ms |             ::1 | GET      "/api/v1/sections"
[GIN] 2026/07/24 - 12:57:30 | 200 |   1.93ms |             ::1 | GET      "/api/v1/designations"
[GIN] 2026/07/24 - 12:57:30 | 200 |   2.61ms |             ::1 | GET      "/api/v1/groups"
[GIN] 2026/07/24 - 12:57:30 | 200 |   5.86ms |             ::1 | GET      "/api/v1/companies?limit=100"
[GIN] 2026/07/24 - 12:57:30 | 200 |    3.6ms |             ::1 | GET      "/api/v1/separations?date_from=2026-06-30&date_to=2026-07-24&page=1&limit=20"
[GIN] 2026/07/24 - 12:57:30 | 200 |   2.67ms |             ::1 | GET      "/api/v1/separations?date_from=2026-06-30&date_to=2026-07-24&page=1&limit=20"
[GIN] 2026/07/24 - 12:57:30 | 200 |  66.79ms |             ::1 | GET      "/api/v1/departments?limit=100"
[GIN] 2026/07/24 - 12:57:35 | 204 |       0s |             ::1 | OPTIONS  "/api/v1/companies?page=1&limit=10"
[GIN] 2026/07/24 - 12:57:35 | 204 |       0s |             ::1 | OPTIONS  "/api/v1/companies?page=1&limit=10"
[GIN] 2026/07/24 - 12:57:35 | 204 |       0s |             ::1 | OPTIONS  "/api/v1/companies?page=1&limit=10"
[GIN] 2026/07/24 - 12:57:35 | 200 |   1.47ms |             ::1 | GET      "/api/v1/companies?page=1&limit=10"
[GIN] 2026/07/24 - 12:57:35 | 200 |   1.92ms |             ::1 | GET      "/api/v1/companies?page=1&limit=10"
[GIN] 2026/07/24 - 12:57:35 | 200 |   2.29ms |             ::1 | GET      "/api/v1/companies?page=1&limit=10"
[GIN] 2026/07/24 - 13:00:50 | 204 |       0s |             ::1 | OPTIONS  "/api/v1/auth/me"
[GIN] 2026/07/24 - 13:00:50 | 204 |       0s |             ::1 | OPTIONS  "/api/v1/companies?page=1&limit=10"
[GIN] 2026/07/24 - 13:00:50 | 204 |   1.01ms |             ::1 | OPTIONS  "/api/v1/companies?page=1&limit=10"
[GIN] 2026/07/24 - 13:00:50 | 204 |       0s |             ::1 | OPTIONS  "/api/v1/companies?page=1&limit=10"
[GIN] 2026/07/24 - 13:00:50 | 200 |   1.52ms |             ::1 | GET      "/api/v1/companies?page=1&limit=10"
[GIN] 2026/07/24 - 13:00:50 | 200 |    5.7ms |             ::1 | GET      "/api/v1/auth/me"
[GIN] 2026/07/24 - 13:00:50 | 200 |   2.89ms |             ::1 | GET      "/api/v1/companies?page=1&limit=10"
[GIN] 2026/07/24 - 13:00:50 | 200 |  16.96ms |             ::1 | GET      "/api/v1/companies?page=1&limit=10"
Database connected successfully
[GIN] 2026/07/26 - 10:49:10 | 200 |       0s |             ::1 | GET      "/health"
[GIN] 2026/07/26 - 10:49:18 | 200 |       0s |             ::1 | GET      "/health"
[GIN] 2026/07/26 - 10:57:31 | 200 |  529.4µs |             ::1 | GET      "/health"
[GIN] 2026/07/26 - 10:57:36 | 200 |  507.1µs |             ::1 | GET      "/health"

2026/07/26 10:58:00 [31;1mG:/softwer/People-hub/internal/repository/user.go:123 [35;1mrecord not found
[0m[33m[2.254ms] [34;1m[rows:0][0m SELECT * FROM "employees" WHERE (user_id = 'bc342b4c-9896-4658-a041-74f288b56098' AND deleted_at IS NULL) AND "employees"."deleted_at" IS NULL ORDER BY "employees"."id" LIMIT 1
[GIN] 2026/07/26 - 10:58:00 | 200 | 316.14ms |             ::1 | POST     "/api/v1/auth/login"
[GIN] 2026/07/26 - 10:58:00 | 200 |   1.39ms |             ::1 | GET      "/api/v1/auth/me"
[GIN] 2026/07/26 - 10:58:10 | 200 |   4.55ms |             ::1 | GET      "/api/v1/auth/me"
[GIN] 2026/07/26 - 10:58:12 | 400 |       0s |             ::1 | POST     "/api/v1/auth/logout"
[GIN] 2026/07/26 - 10:58:34 | 401 |   7.54ms |             ::1 | GET      "/api/v1/auth/me"

2026/07/26 10:58:44 [31;1mG:/softwer/People-hub/internal/repository/user.go:123 [35;1mrecord not found
[0m[33m[0.000ms] [34;1m[rows:0][0m SELECT * FROM "employees" WHERE (user_id = 'bc342b4c-9896-4658-a041-74f288b56098' AND deleted_at IS NULL) AND "employees"."deleted_at" IS NULL ORDER BY "employees"."id" LIMIT 1
[GIN] 2026/07/26 - 10:58:44 | 200 | 292.41ms |             ::1 | POST     "/api/v1/auth/login"
[GIN] 2026/07/26 - 10:58:44 | 200 |   1.36ms |             ::1 | GET      "/api/v1/auth/me"
[GIN] 2026/07/26 - 10:58:46 | 200 |  23.52ms |             ::1 | GET      "/api/v1/groups?limit=100"
[GIN] 2026/07/26 - 10:58:46 | 200 |   7.01ms |             ::1 | GET      "/api/v1/shifts?limit=100"
[GIN] 2026/07/26 - 10:58:46 | 200 |   3.25ms |             ::1 | GET      "/api/v1/departments?limit=100"
[GIN] 2026/07/26 - 10:58:46 | 200 |  950.5µs |             ::1 | GET      "/api/v1/floors?limit=100"
[GIN] 2026/07/26 - 10:58:46 | 200 |  71.13ms |             ::1 | GET      "/api/v1/companies?limit=100"
[GIN] 2026/07/26 - 10:58:46 | 200 |  86.68ms |             ::1 | GET      "/api/v1/employees?employee_type=Regular&status=active&page=1&limit=20"
[GIN] 2026/07/26 - 10:58:46 | 200 |  66.59ms |             ::1 | GET      "/api/v1/employees?employee_type=Regular&status=active&page=1&limit=20"
[GIN] 2026/07/26 - 10:58:53 | 200 |   2.07ms |             ::1 | GET      "/api/v1/companies?limit=100"
[GIN] 2026/07/26 - 10:58:53 | 200 |   1.05ms |             ::1 | GET      "/api/v1/departments?limit=100"
[GIN] 2026/07/26 - 10:58:53 | 200 |  540.6µs |             ::1 | GET      "/api/v1/groups?limit=100"
[GIN] 2026/07/26 - 10:58:53 | 200 |   2.24ms |             ::1 | GET      "/api/v1/shifts?limit=100"
[GIN] 2026/07/26 - 10:58:53 | 200 |  79.84ms |             ::1 | GET      "/api/v1/attendance?date=2026-07-26&page=1&limit=20"
[GIN] 2026/07/26 - 10:58:53 | 200 |  14.46ms |             ::1 | GET      "/api/v1/attendance?date=2026-07-26&page=1&limit=20"
[GIN] 2026/07/26 - 10:58:57 | 200 |   36.6ms |             ::1 | GET      "/api/v1/data-logs/stats"
[GIN] 2026/07/26 - 10:59:09 | 200 |    7.53s |             ::1 | POST     "/api/v1/data-logs/import"
[GIN] 2026/07/26 - 10:59:09 | 200 |   4.62ms |             ::1 | GET      "/api/v1/data-logs/stats"
[GIN] 2026/07/26 - 10:59:12 | 200 |   1.14ms |             ::1 | GET      "/api/v1/attendance/stats"
[GIN] 2026/07/26 - 10:59:12 | 200 |   1.12ms |             ::1 | GET      "/api/v1/companies?limit=100"
[GIN] 2026/07/26 - 10:59:22 | 200 |    6.85s |             ::1 | POST     "/api/v1/data-logs/process"
[GIN] 2026/07/26 - 10:59:22 | 200 |   1.12ms |             ::1 | GET      "/api/v1/attendance/stats"
[GIN] 2026/07/26 - 10:59:24 | 200 |  563.9µs |             ::1 | GET      "/api/v1/companies?limit=100"
[GIN] 2026/07/26 - 10:59:24 | 200 |  999.3µs |             ::1 | GET      "/api/v1/shifts?limit=100"
[GIN] 2026/07/26 - 10:59:24 | 200 |   3.37ms |             ::1 | GET      "/api/v1/departments?limit=100"
[GIN] 2026/07/26 - 10:59:24 | 200 |   5.02ms |             ::1 | GET      "/api/v1/groups?limit=100"
[GIN] 2026/07/26 - 10:59:24 | 200 |   9.85ms |             ::1 | GET      "/api/v1/attendance?date=2026-07-26&page=1&limit=20"
[GIN] 2026/07/26 - 10:59:24 | 200 |  11.17ms |             ::1 | GET      "/api/v1/attendance?date=2026-07-26&page=1&limit=20"
[GIN] 2026/07/26 - 10:59:29 | 200 |    4.1ms |             ::1 | GET      "/api/v1/attendance?date=2026-07-25&page=1&limit=20"
[GIN] 2026/07/26 - 10:59:38 | 200 |   3.88ms |             ::1 | GET      "/api/v1/attendance?date=2026-07-25&page=2&limit=20"
[GIN] 2026/07/26 - 10:59:39 | 200 |   4.18ms |             ::1 | GET      "/api/v1/attendance?date=2026-07-25&page=3&limit=20"
[GIN] 2026/07/26 - 10:59:39 | 200 |   3.87ms |             ::1 | GET      "/api/v1/attendance?date=2026-07-25&page=4&limit=20"
[GIN] 2026/07/26 - 10:59:45 | 200 |   7.52ms |             ::1 | GET      "/api/v1/companies?limit=100"
[GIN] 2026/07/26 - 10:59:45 | 200 |   5.99ms |             ::1 | GET      "/api/v1/departments?limit=100"
[GIN] 2026/07/26 - 10:59:45 | 200 |      4ms |             ::1 | GET      "/api/v1/groups?limit=100"
[GIN] 2026/07/26 - 10:59:45 | 200 |  16.06ms |             ::1 | GET      "/api/v1/floors?limit=100"
[GIN] 2026/07/26 - 10:59:45 | 200 |   2.22ms |             ::1 | GET      "/api/v1/shifts?limit=100"
[GIN] 2026/07/26 - 10:59:45 | 200 |  14.99ms |             ::1 | GET      "/api/v1/employees?employee_type=Regular&status=active&page=1&limit=20"
[GIN] 2026/07/26 - 10:59:45 | 200 |      4ms |             ::1 | GET      "/api/v1/employees?employee_type=Regular&status=active&page=1&limit=20"
[GIN] 2026/07/26 - 10:59:49 | 200 |   7.94ms |             ::1 | GET      "/api/v1/employees?employee_type=Regular&status=active&employee_id=102&page=1&limit=20"
[GIN] 2026/07/26 - 10:59:52 | 200 |   3.65ms |             ::1 | GET      "/api/v1/employees/8a172224-1ca7-4b8a-8dbe-69389f809495"
[GIN] 2026/07/26 - 10:59:52 | 200 |   1.52ms |             ::1 | GET      "/api/v1/shifts"
[GIN] 2026/07/26 - 10:59:52 | 200 |   1.52ms |             ::1 | GET      "/api/v1/companies"
[GIN] 2026/07/26 - 10:59:52 | 200 |   1.52ms |             ::1 | GET      "/api/v1/departments"
[GIN] 2026/07/26 - 10:59:52 | 200 |   1.52ms |             ::1 | GET      "/api/v1/groups"
[GIN] 2026/07/26 - 10:59:52 | 200 |   3.52ms |             ::1 | GET      "/api/v1/floors"
[GIN] 2026/07/26 - 10:59:52 | 200 |   8.06ms |             ::1 | GET      "/api/v1/divisions"
[GIN] 2026/07/26 - 10:59:52 | 200 |   2.61ms |             ::1 | GET      "/api/v1/sections?department_id=c5088556-a5ef-41b8-9e7e-3b0ea3abc9eb"
[GIN] 2026/07/26 - 10:59:52 | 200 |   7.33ms |             ::1 | GET      "/api/v1/unions?upazila_id=9cfba936-06e1-4348-9ba9-3fff6c8e0917"
[GIN] 2026/07/26 - 10:59:52 | 200 |   2.99ms |             ::1 | GET      "/api/v1/unions?upazila_id=9cfba936-06e1-4348-9ba9-3fff6c8e0917"
[GIN] 2026/07/26 - 10:59:52 | 200 | 145.69ms |             ::1 | GET      "/api/v1/lines?section_id=6406fab5-6ace-42b0-82b1-e1139b673f3a"
[GIN] 2026/07/26 - 10:59:52 | 200 | 150.21ms |             ::1 | GET      "/api/v1/districts?division_id=1cdee09d-6c8d-4536-9270-d5f3db93091a"
[GIN] 2026/07/26 - 10:59:52 | 200 |   5.11ms |             ::1 | GET      "/api/v1/districts?division_id=1cdee09d-6c8d-4536-9270-d5f3db93091a"
[GIN] 2026/07/26 - 10:59:52 | 200 | 166.67ms |             ::1 | GET      "/api/v1/upazilas?district_id=2a274bc4-588a-4636-bf8e-cedb54e0cc3f"
[GIN] 2026/07/26 - 10:59:52 | 200 |   1.14ms |             ::1 | GET      "/api/v1/upazilas?district_id=2a274bc4-588a-4636-bf8e-cedb54e0cc3f"
[GIN] 2026/07/26 - 10:59:52 | 200 | 175.36ms |             ::1 | GET      "/api/v1/designations?section_id=6406fab5-6ace-42b0-82b1-e1139b673f3a"
[GIN] 2026/07/26 - 11:00:03 | 200 |   1.09ms |             ::1 | GET      "/api/v1/departments?page=1&limit=20"
[GIN] 2026/07/26 - 11:00:03 | 200 |  999.9µs |             ::1 | GET      "/api/v1/departments?page=1&limit=20"
[GIN] 2026/07/26 - 11:00:21 | 200 |   1.32ms |             ::1 | GET      "/api/v1/sections?page=1&limit=20&department_id=c5088556-a5ef-41b8-9e7e-3b0ea3abc9eb"
[GIN] 2026/07/26 - 11:00:44 | 201 |   3.19ms |             ::1 | POST     "/api/v1/sections"
[GIN] 2026/07/26 - 11:00:44 | 200 |   1.49ms |             ::1 | GET      "/api/v1/sections?page=1&limit=20&department_id=c5088556-a5ef-41b8-9e7e-3b0ea3abc9eb"
[GIN] 2026/07/26 - 11:00:48 | 200 |   1.34ms |             ::1 | GET      "/api/v1/designations?page=1&limit=20&section_id=002b48a0-9608-4e99-8f44-c5f332ca9091"
[GIN] 2026/07/26 - 11:00:48 | 200 |   2.49ms |             ::1 | GET      "/api/v1/lines?page=1&limit=20&section_id=002b48a0-9608-4e99-8f44-c5f332ca9091"
[GIN] 2026/07/26 - 11:00:57 | 201 |  16.42ms |             ::1 | POST     "/api/v1/designations"
[GIN] 2026/07/26 - 11:00:57 | 200 |   1.82ms |             ::1 | GET      "/api/v1/designations?page=1&limit=20&section_id=002b48a0-9608-4e99-8f44-c5f332ca9091"
[GIN] 2026/07/26 - 11:01:04 | 201 |  19.93ms |             ::1 | POST     "/api/v1/lines"
[GIN] 2026/07/26 - 11:01:04 | 200 |    1.4ms |             ::1 | GET      "/api/v1/lines?page=1&limit=20&section_id=002b48a0-9608-4e99-8f44-c5f332ca9091"
[GIN] 2026/07/26 - 11:01:06 | 200 |   2.52ms |             ::1 | GET      "/api/v1/departments?limit=100"
[GIN] 2026/07/26 - 11:01:06 | 200 |   2.68ms |             ::1 | GET      "/api/v1/companies?limit=100"
[GIN] 2026/07/26 - 11:01:06 | 200 |  510.5µs |             ::1 | GET      "/api/v1/groups?limit=100"
[GIN] 2026/07/26 - 11:01:06 | 200 |   2.58ms |             ::1 | GET      "/api/v1/shifts?limit=100"
[GIN] 2026/07/26 - 11:01:06 | 200 |      1ms |             ::1 | GET      "/api/v1/floors?limit=100"
[GIN] 2026/07/26 - 11:01:06 | 200 |   6.83ms |             ::1 | GET      "/api/v1/employees?employee_type=Regular&status=active&page=1&limit=20"
[GIN] 2026/07/26 - 11:01:06 | 200 |   4.26ms |             ::1 | GET      "/api/v1/employees?employee_type=Regular&status=active&page=1&limit=20"
[GIN] 2026/07/26 - 11:01:09 | 200 |   4.97ms |             ::1 | GET      "/api/v1/employees?employee_type=Regular&status=active&employee_id=102&page=1&limit=20"
[GIN] 2026/07/26 - 11:01:11 | 200 |   5.71ms |             ::1 | GET      "/api/v1/employees/8a172224-1ca7-4b8a-8dbe-69389f809495"
[GIN] 2026/07/26 - 11:01:11 | 200 |  508.3µs |             ::1 | GET      "/api/v1/companies"
[GIN] 2026/07/26 - 11:01:11 | 200 |   5.96ms |             ::1 | GET      "/api/v1/shifts"
[GIN] 2026/07/26 - 11:01:11 | 200 |   2.59ms |             ::1 | GET      "/api/v1/departments"
[GIN] 2026/07/26 - 11:01:11 | 200 |      1ms |             ::1 | GET      "/api/v1/groups"
[GIN] 2026/07/26 - 11:01:11 | 200 |   1.15ms |             ::1 | GET      "/api/v1/floors"
[GIN] 2026/07/26 - 11:01:11 | 200 |   2.98ms |             ::1 | GET      "/api/v1/divisions"
[GIN] 2026/07/26 - 11:01:11 | 200 |   2.98ms |             ::1 | GET      "/api/v1/sections?department_id=c5088556-a5ef-41b8-9e7e-3b0ea3abc9eb"
[GIN] 2026/07/26 - 11:01:11 | 200 |  508.7µs |             ::1 | GET      "/api/v1/upazilas?district_id=2a274bc4-588a-4636-bf8e-cedb54e0cc3f"
[GIN] 2026/07/26 - 11:01:11 | 200 |   1.17ms |             ::1 | GET      "/api/v1/lines?section_id=6406fab5-6ace-42b0-82b1-e1139b673f3a"
[GIN] 2026/07/26 - 11:01:11 | 200 |   1.01ms |             ::1 | GET      "/api/v1/designations?section_id=6406fab5-6ace-42b0-82b1-e1139b673f3a"
[GIN] 2026/07/26 - 11:01:11 | 200 |   1.15ms |             ::1 | GET      "/api/v1/upazilas?district_id=2a274bc4-588a-4636-bf8e-cedb54e0cc3f"
[GIN] 2026/07/26 - 11:01:11 | 200 |   7.52ms |             ::1 | GET      "/api/v1/unions?upazila_id=9cfba936-06e1-4348-9ba9-3fff6c8e0917"
[GIN] 2026/07/26 - 11:01:11 | 200 |   1.94ms |             ::1 | GET      "/api/v1/unions?upazila_id=9cfba936-06e1-4348-9ba9-3fff6c8e0917"
[GIN] 2026/07/26 - 11:01:11 | 200 |   59.2ms |             ::1 | GET      "/api/v1/districts?division_id=1cdee09d-6c8d-4536-9270-d5f3db93091a"
[GIN] 2026/07/26 - 11:01:11 | 200 |   1.12ms |             ::1 | GET      "/api/v1/districts?division_id=1cdee09d-6c8d-4536-9270-d5f3db93091a"
[GIN] 2026/07/26 - 11:01:19 | 200 |   1.13ms |             ::1 | GET      "/api/v1/lines?section_id=002b48a0-9608-4e99-8f44-c5f332ca9091"
[GIN] 2026/07/26 - 11:01:19 | 200 |   1.13ms |             ::1 | GET      "/api/v1/designations?section_id=002b48a0-9608-4e99-8f44-c5f332ca9091"
[GIN] 2026/07/26 - 11:01:25 | 200 |  20.21ms |             ::1 | PUT      "/api/v1/employees/8a172224-1ca7-4b8a-8dbe-69389f809495"
[GIN] 2026/07/26 - 11:01:25 | 200 |  507.5µs |             ::1 | GET      "/api/v1/companies?limit=100"
[GIN] 2026/07/26 - 11:01:25 | 200 |   1.15ms |             ::1 | GET      "/api/v1/departments?limit=100"
[GIN] 2026/07/26 - 11:01:25 | 200 |   1.22ms |             ::1 | GET      "/api/v1/floors?limit=100"
[GIN] 2026/07/26 - 11:01:25 | 200 |   1.01ms |             ::1 | GET      "/api/v1/groups?limit=100"
[GIN] 2026/07/26 - 11:01:25 | 200 |  32.59ms |             ::1 | GET      "/api/v1/employees?employee_type=Regular&status=active&page=1&limit=20"
[GIN] 2026/07/26 - 11:01:25 | 200 |   1.91ms |             ::1 | GET      "/api/v1/shifts?limit=100"
[GIN] 2026/07/26 - 11:01:25 | 200 |   4.81ms |             ::1 | GET      "/api/v1/employees?employee_type=Regular&status=active&page=1&limit=20"
[GIN] 2026/07/26 - 11:01:30 | 200 |  820.2µs |             ::1 | GET      "/api/v1/sections?limit=100&department_id=c5088556-a5ef-41b8-9e7e-3b0ea3abc9eb"
[GIN] 2026/07/26 - 11:01:31 | 200 |   5.64ms |             ::1 | GET      "/api/v1/employees?employee_type=Regular&status=active&department_id=c5088556-a5ef-41b8-9e7e-3b0ea3abc9eb&page=1&limit=20"
[GIN] 2026/07/26 - 11:01:55 | 200 |   3.99ms |             ::1 | GET      "/api/v1/employees/cf0ab753-115c-4bfb-a8a7-c9c4edc57b59"
[GIN] 2026/07/26 - 11:01:55 | 200 |   1.01ms |             ::1 | GET      "/api/v1/shifts"
[GIN] 2026/07/26 - 11:01:55 | 200 |   1.01ms |             ::1 | GET      "/api/v1/companies"
[GIN] 2026/07/26 - 11:01:55 | 200 |   1.99ms |             ::1 | GET      "/api/v1/floors"
[GIN] 2026/07/26 - 11:01:55 | 200 |   2.03ms |             ::1 | GET      "/api/v1/departments"
[GIN] 2026/07/26 - 11:01:55 | 200 |   3.04ms |             ::1 | GET      "/api/v1/groups"
[GIN] 2026/07/26 - 11:01:55 | 200 |   1.77ms |             ::1 | GET      "/api/v1/divisions"
[GIN] 2026/07/26 - 11:01:55 | 200 |   1.02ms |             ::1 | GET      "/api/v1/sections?department_id=c5088556-a5ef-41b8-9e7e-3b0ea3abc9eb"
[GIN] 2026/07/26 - 11:01:55 | 200 |   6.29ms |             ::1 | GET      "/api/v1/designations?section_id=6406fab5-6ace-42b0-82b1-e1139b673f3a"
[GIN] 2026/07/26 - 11:01:55 | 200 |   6.13ms |             ::1 | GET      "/api/v1/upazilas?district_id=2a274bc4-588a-4636-bf8e-cedb54e0cc3f"
[GIN] 2026/07/26 - 11:01:55 | 200 |    3.1ms |             ::1 | GET      "/api/v1/unions?upazila_id=9cfba936-06e1-4348-9ba9-3fff6c8e0917"
[GIN] 2026/07/26 - 11:01:55 | 200 |   1.78ms |             ::1 | GET      "/api/v1/upazilas?district_id=2a274bc4-588a-4636-bf8e-cedb54e0cc3f"
[GIN] 2026/07/26 - 11:01:55 | 200 |   2.75ms |             ::1 | GET      "/api/v1/unions?upazila_id=9cfba936-06e1-4348-9ba9-3fff6c8e0917"
[GIN] 2026/07/26 - 11:01:56 | 200 |  95.01ms |             ::1 | GET      "/api/v1/districts?division_id=1cdee09d-6c8d-4536-9270-d5f3db93091a"
[GIN] 2026/07/26 - 11:01:56 | 200 | 100.03ms |             ::1 | GET      "/api/v1/lines?section_id=6406fab5-6ace-42b0-82b1-e1139b673f3a"
[GIN] 2026/07/26 - 11:01:56 | 200 |  505.9µs |             ::1 | GET      "/api/v1/districts?division_id=1cdee09d-6c8d-4536-9270-d5f3db93091a"
[GIN] 2026/07/26 - 11:02:02 | 200 |   1.71ms |             ::1 | GET      "/api/v1/designations?section_id=002b48a0-9608-4e99-8f44-c5f332ca9091"
[GIN] 2026/07/26 - 11:02:02 | 200 |   1.25ms |             ::1 | GET      "/api/v1/lines?section_id=002b48a0-9608-4e99-8f44-c5f332ca9091"
[GIN] 2026/07/26 - 11:02:08 | 200 |  15.04ms |             ::1 | PUT      "/api/v1/employees/cf0ab753-115c-4bfb-a8a7-c9c4edc57b59"
[GIN] 2026/07/26 - 11:02:08 | 200 |   1.07ms |             ::1 | GET      "/api/v1/companies?limit=100"
[GIN] 2026/07/26 - 11:02:08 | 200 |   1.07ms |             ::1 | GET      "/api/v1/departments?limit=100"
[GIN] 2026/07/26 - 11:02:08 | 200 |    1.8ms |             ::1 | GET      "/api/v1/groups?limit=100"
[GIN] 2026/07/26 - 11:02:08 | 200 |   3.32ms |             ::1 | GET      "/api/v1/floors?limit=100"
[GIN] 2026/07/26 - 11:02:08 | 200 |  10.15ms |             ::1 | GET      "/api/v1/shifts?limit=100"
[GIN] 2026/07/26 - 11:02:08 | 200 |  12.99ms |             ::1 | GET      "/api/v1/employees?employee_type=Regular&status=active&page=1&limit=20"
[GIN] 2026/07/26 - 11:02:08 | 200 |   6.39ms |             ::1 | GET      "/api/v1/employees?employee_type=Regular&status=active&page=1&limit=20"
[GIN] 2026/07/26 - 11:02:12 | 200 |    1.3ms |             ::1 | GET      "/api/v1/sections?limit=100&department_id=c5088556-a5ef-41b8-9e7e-3b0ea3abc9eb"
[GIN] 2026/07/26 - 11:02:13 | 200 |   4.16ms |             ::1 | GET      "/api/v1/employees?employee_type=Regular&status=active&department_id=c5088556-a5ef-41b8-9e7e-3b0ea3abc9eb&page=1&limit=20"
[GIN] 2026/07/26 - 11:02:18 | 200 |   3.04ms |             ::1 | GET      "/api/v1/employees/5b9dc295-4c7c-4220-9a01-79a1023bf665"
[GIN] 2026/07/26 - 11:02:18 | 200 |   2.55ms |             ::1 | GET      "/api/v1/companies"
[GIN] 2026/07/26 - 11:02:18 | 200 |   5.26ms |             ::1 | GET      "/api/v1/shifts"
[GIN] 2026/07/26 - 11:02:18 | 200 |   2.42ms |             ::1 | GET      "/api/v1/groups"
[GIN] 2026/07/26 - 11:02:18 | 200 |   2.93ms |             ::1 | GET      "/api/v1/departments"
[GIN] 2026/07/26 - 11:02:18 | 200 |  999.6µs |             ::1 | GET      "/api/v1/sections?department_id=c5088556-a5ef-41b8-9e7e-3b0ea3abc9eb"
[GIN] 2026/07/26 - 11:02:18 | 200 |   4.52ms |             ::1 | GET      "/api/v1/divisions"
[GIN] 2026/07/26 - 11:02:18 | 200 |   2.01ms |             ::1 | GET      "/api/v1/designations?section_id=6406fab5-6ace-42b0-82b1-e1139b673f3a"
[GIN] 2026/07/26 - 11:02:18 | 200 |   2.52ms |             ::1 | GET      "/api/v1/districts?division_id=1cdee09d-6c8d-4536-9270-d5f3db93091a"
[GIN] 2026/07/26 - 11:02:18 | 200 |   2.92ms |             ::1 | GET      "/api/v1/lines?section_id=6406fab5-6ace-42b0-82b1-e1139b673f3a"
[GIN] 2026/07/26 - 11:02:18 | 200 |   1.41ms |             ::1 | GET      "/api/v1/upazilas?district_id=2a274bc4-588a-4636-bf8e-cedb54e0cc3f"
[GIN] 2026/07/26 - 11:02:18 | 200 |    5.7ms |             ::1 | GET      "/api/v1/unions?upazila_id=9cfba936-06e1-4348-9ba9-3fff6c8e0917"
[GIN] 2026/07/26 - 11:02:18 | 200 |   3.21ms |             ::1 | GET      "/api/v1/districts?division_id=1cdee09d-6c8d-4536-9270-d5f3db93091a"
[GIN] 2026/07/26 - 11:02:18 | 200 |    1.4ms |             ::1 | GET      "/api/v1/upazilas?district_id=2a274bc4-588a-4636-bf8e-cedb54e0cc3f"
[GIN] 2026/07/26 - 11:02:18 | 200 |   4.47ms |             ::1 | GET      "/api/v1/unions?upazila_id=9cfba936-06e1-4348-9ba9-3fff6c8e0917"
[GIN] 2026/07/26 - 11:02:18 | 200 |  60.61ms |             ::1 | GET      "/api/v1/floors"
[GIN] 2026/07/26 - 11:02:27 | 200 |  930.8µs |             ::1 | GET      "/api/v1/lines?section_id=3298537e-0be9-4219-9397-019e9cc0dc24"
[GIN] 2026/07/26 - 11:02:27 | 200 |   1.94ms |             ::1 | GET      "/api/v1/designations?section_id=3298537e-0be9-4219-9397-019e9cc0dc24"
[GIN] 2026/07/26 - 11:02:41 | 200 |  18.12ms |             ::1 | PUT      "/api/v1/employees/5b9dc295-4c7c-4220-9a01-79a1023bf665"
[GIN] 2026/07/26 - 11:02:41 | 200 |   1.06ms |             ::1 | GET      "/api/v1/groups?limit=100"
[GIN] 2026/07/26 - 11:02:41 | 200 |   1.06ms |             ::1 | GET      "/api/v1/shifts?limit=100"
[GIN] 2026/07/26 - 11:02:41 | 200 |  506.9µs |             ::1 | GET      "/api/v1/companies?limit=100"
[GIN] 2026/07/26 - 11:02:41 | 200 |  506.9µs |             ::1 | GET      "/api/v1/departments?limit=100"
[GIN] 2026/07/26 - 11:02:41 | 200 |      2ms |             ::1 | GET      "/api/v1/floors?limit=100"
[GIN] 2026/07/26 - 11:02:41 | 200 |  30.47ms |             ::1 | GET      "/api/v1/employees?employee_type=Regular&status=active&page=1&limit=20"
[GIN] 2026/07/26 - 11:02:41 | 200 |   5.14ms |             ::1 | GET      "/api/v1/employees?employee_type=Regular&status=active&page=1&limit=20"
[GIN] 2026/07/26 - 11:02:48 | 200 |   4.18ms |             ::1 | GET      "/api/v1/employees/a802ea10-051a-4bfc-bb6f-8a6af159885e"
[GIN] 2026/07/26 - 11:02:48 | 200 |   1.51ms |             ::1 | GET      "/api/v1/departments"
[GIN] 2026/07/26 - 11:02:48 | 200 |   2.01ms |             ::1 | GET      "/api/v1/companies"
[GIN] 2026/07/26 - 11:02:48 | 200 |   2.18ms |             ::1 | GET      "/api/v1/floors"
[GIN] 2026/07/26 - 11:02:48 | 200 |   5.75ms |             ::1 | GET      "/api/v1/groups"
[GIN] 2026/07/26 - 11:02:48 | 200 |   3.01ms |             ::1 | GET      "/api/v1/designations?section_id=c98de67c-4750-4c9c-91ae-6144bd28b252"
[GIN] 2026/07/26 - 11:02:48 | 200 |  510.5µs |             ::1 | GET      "/api/v1/divisions"
[GIN] 2026/07/26 - 11:02:48 | 200 |   3.16ms |             ::1 | GET      "/api/v1/lines?section_id=c98de67c-4750-4c9c-91ae-6144bd28b252"
[GIN] 2026/07/26 - 11:02:48 | 200 |   4.26ms |             ::1 | GET      "/api/v1/districts?division_id=1cdee09d-6c8d-4536-9270-d5f3db93091a"
[GIN] 2026/07/26 - 11:02:48 | 200 |  509.8µs |             ::1 | GET      "/api/v1/upazilas?district_id=2a274bc4-588a-4636-bf8e-cedb54e0cc3f"
[GIN] 2026/07/26 - 11:02:48 | 200 |   1.52ms |             ::1 | GET      "/api/v1/unions?upazila_id=9cfba936-06e1-4348-9ba9-3fff6c8e0917"
[GIN] 2026/07/26 - 11:02:49 | 200 |   5.51ms |             ::1 | GET      "/api/v1/upazilas?district_id=2a274bc4-588a-4636-bf8e-cedb54e0cc3f"
[GIN] 2026/07/26 - 11:02:49 | 200 |   9.33ms |             ::1 | GET      "/api/v1/districts?division_id=1cdee09d-6c8d-4536-9270-d5f3db93091a"
[GIN] 2026/07/26 - 11:02:49 | 200 |   6.27ms |             ::1 | GET      "/api/v1/unions?upazila_id=9cfba936-06e1-4348-9ba9-3fff6c8e0917"
[GIN] 2026/07/26 - 11:02:49 | 200 |   63.5ms |             ::1 | GET      "/api/v1/shifts"
[GIN] 2026/07/26 - 11:02:49 | 200 |  90.93ms |             ::1 | GET      "/api/v1/sections?department_id=51de3328-8560-45de-8ad5-7135e7d3967e"
[GIN] 2026/07/26 - 11:02:57 | 200 |  831.6µs |             ::1 | GET      "/api/v1/lines?section_id=d7c5c864-2c09-4811-8313-d2800e825e4d"
[GIN] 2026/07/26 - 11:02:57 | 200 |   1.01ms |             ::1 | GET      "/api/v1/designations?section_id=d7c5c864-2c09-4811-8313-d2800e825e4d"
[GIN] 2026/07/26 - 11:03:05 | 200 |   5.39ms |             ::1 | PUT      "/api/v1/employees/a802ea10-051a-4bfc-bb6f-8a6af159885e"
[GIN] 2026/07/26 - 11:03:05 | 200 |   1.01ms |             ::1 | GET      "/api/v1/companies?limit=100"
[GIN] 2026/07/26 - 11:03:05 | 200 |    1.5ms |             ::1 | GET      "/api/v1/departments?limit=100"
[GIN] 2026/07/26 - 11:03:05 | 200 |  508.8µs |             ::1 | GET      "/api/v1/groups?limit=100"
[GIN] 2026/07/26 - 11:03:05 | 200 |  508.8µs |             ::1 | GET      "/api/v1/shifts?limit=100"
[GIN] 2026/07/26 - 11:03:05 | 200 |  10.03ms |             ::1 | GET      "/api/v1/floors?limit=100"
[GIN] 2026/07/26 - 11:03:05 | 200 |  31.83ms |             ::1 | GET      "/api/v1/employees?employee_type=Regular&status=active&page=1&limit=20"
[GIN] 2026/07/26 - 11:03:05 | 200 |    4.6ms |             ::1 | GET      "/api/v1/employees?employee_type=Regular&status=active&page=1&limit=20"
[GIN] 2026/07/26 - 11:03:18 | 200 |   5.63ms |             ::1 | GET      "/api/v1/employees?employee_type=Regular&status=active&page=2&limit=20"
[GIN] 2026/07/26 - 11:03:21 | 200 |    5.6ms |             ::1 | GET      "/api/v1/employees?employee_type=Regular&status=active&page=1&limit=10"
[GIN] 2026/07/26 - 11:03:26 | 200 |   5.33ms |             ::1 | GET      "/api/v1/employees?employee_type=Regular&status=active&page=2&limit=10"
[GIN] 2026/07/26 - 11:03:27 | 200 |   3.97ms |             ::1 | GET      "/api/v1/employees?employee_type=Regular&status=active&page=3&limit=10"
[GIN] 2026/07/26 - 11:03:28 | 200 |   4.93ms |             ::1 | GET      "/api/v1/employees?employee_type=Regular&status=active&page=4&limit=10"
[GIN] 2026/07/26 - 11:03:29 | 200 |   4.98ms |             ::1 | GET      "/api/v1/employees?employee_type=Regular&status=active&page=5&limit=10"
[GIN] 2026/07/26 - 11:03:30 | 200 |   4.97ms |             ::1 | GET      "/api/v1/employees?employee_type=Regular&status=active&page=6&limit=10"
[GIN] 2026/07/26 - 11:03:31 | 200 |   4.39ms |             ::1 | GET      "/api/v1/employees?employee_type=Regular&status=active&page=7&limit=10"
[GIN] 2026/07/26 - 11:03:32 | 200 |   5.43ms |             ::1 | GET      "/api/v1/employees?employee_type=Regular&status=active&page=8&limit=10"
[GIN] 2026/07/26 - 11:03:33 | 200 |   3.77ms |             ::1 | GET      "/api/v1/employees?employee_type=Regular&status=active&page=9&limit=10"
[GIN] 2026/07/26 - 11:03:33 | 200 |   4.99ms |             ::1 | GET      "/api/v1/employees?employee_type=Regular&status=active&page=10&limit=10"
[GIN] 2026/07/26 - 11:03:34 | 200 |   3.19ms |             ::1 | GET      "/api/v1/employees?employee_type=Regular&status=active&page=11&limit=10"
[GIN] 2026/07/26 - 11:03:35 | 200 |   3.77ms |             ::1 | GET      "/api/v1/employees?employee_type=Regular&status=active&page=12&limit=10"
[GIN] 2026/07/26 - 11:03:35 | 200 |   3.69ms |             ::1 | GET      "/api/v1/employees?employee_type=Regular&status=active&page=13&limit=10"
[GIN] 2026/07/26 - 11:03:36 | 200 |    4.2ms |             ::1 | GET      "/api/v1/employees?employee_type=Regular&status=active&page=14&limit=10"
[GIN] 2026/07/26 - 11:03:37 | 200 |   4.11ms |             ::1 | GET      "/api/v1/employees?employee_type=Regular&status=active&page=15&limit=10"
[GIN] 2026/07/26 - 11:03:37 | 200 |   3.63ms |             ::1 | GET      "/api/v1/employees?employee_type=Regular&status=active&page=16&limit=10"
[GIN] 2026/07/26 - 11:03:44 | 200 |   7.96ms |             ::1 | GET      "/api/v1/employees/a1d04f31-0dd2-4835-997d-6d1f5ba54540"
[GIN] 2026/07/26 - 11:03:44 | 200 |  980.3µs |             ::1 | GET      "/api/v1/companies"
[GIN] 2026/07/26 - 11:03:44 | 200 |   3.76ms |             ::1 | GET      "/api/v1/shifts"
[GIN] 2026/07/26 - 11:03:44 | 200 |   4.18ms |             ::1 | GET      "/api/v1/departments"
[GIN] 2026/07/26 - 11:03:44 | 200 |   1.61ms |             ::1 | GET      "/api/v1/groups"
[GIN] 2026/07/26 - 11:03:44 | 200 |   2.51ms |             ::1 | GET      "/api/v1/floors"
[GIN] 2026/07/26 - 11:03:44 | 200 |   3.42ms |             ::1 | GET      "/api/v1/sections?department_id=2d02ed78-0fa7-4eea-9888-fc626e550093"
[GIN] 2026/07/26 - 11:03:44 | 200 |   1.69ms |             ::1 | GET      "/api/v1/divisions"
[GIN] 2026/07/26 - 11:03:44 | 200 |  629.2µs |             ::1 | GET      "/api/v1/lines?section_id=eab38e9c-4c65-4dc3-97ae-6a3c09bbb75b"
[GIN] 2026/07/26 - 11:03:44 | 200 |   4.08ms |             ::1 | GET      "/api/v1/districts?division_id=1cdee09d-6c8d-4536-9270-d5f3db93091a"
[GIN] 2026/07/26 - 11:03:44 | 200 |   5.39ms |             ::1 | GET      "/api/v1/unions?upazila_id=9cfba936-06e1-4348-9ba9-3fff6c8e0917"
[GIN] 2026/07/26 - 11:03:44 | 200 |   1.01ms |             ::1 | GET      "/api/v1/districts?division_id=1cdee09d-6c8d-4536-9270-d5f3db93091a"
[GIN] 2026/07/26 - 11:03:44 | 200 |   6.72ms |             ::1 | GET      "/api/v1/unions?upazila_id=9cfba936-06e1-4348-9ba9-3fff6c8e0917"
[GIN] 2026/07/26 - 11:03:44 | 200 |   56.6ms |             ::1 | GET      "/api/v1/upazilas?district_id=2a274bc4-588a-4636-bf8e-cedb54e0cc3f"
[GIN] 2026/07/26 - 11:03:44 | 200 |  508.9µs |             ::1 | GET      "/api/v1/upazilas?district_id=2a274bc4-588a-4636-bf8e-cedb54e0cc3f"
[GIN] 2026/07/26 - 11:03:44 | 200 |  83.04ms |             ::1 | GET      "/api/v1/designations?section_id=eab38e9c-4c65-4dc3-97ae-6a3c09bbb75b"
[GIN] 2026/07/26 - 11:03:57 | 200 |   1.23ms |             ::1 | GET      "/api/v1/designations?section_id=a3718ccf-1efb-4eb8-8b8e-be672a4259a9"
[GIN] 2026/07/26 - 11:03:57 | 200 |  628.7µs |             ::1 | GET      "/api/v1/lines?section_id=a3718ccf-1efb-4eb8-8b8e-be672a4259a9"
[GIN] 2026/07/26 - 11:04:18 | 200 |   6.95ms |             ::1 | PUT      "/api/v1/employees/a1d04f31-0dd2-4835-997d-6d1f5ba54540"
[GIN] 2026/07/26 - 11:04:18 | 200 |   3.11ms |             ::1 | GET      "/api/v1/companies?limit=100"
[GIN] 2026/07/26 - 11:04:18 | 200 |   1.01ms |             ::1 | GET      "/api/v1/departments?limit=100"
[GIN] 2026/07/26 - 11:04:18 | 200 |    804µs |             ::1 | GET      "/api/v1/floors?limit=100"
[GIN] 2026/07/26 - 11:04:18 | 200 |  18.44ms |             ::1 | GET      "/api/v1/employees?employee_type=Regular&status=active&page=1&limit=20"
[GIN] 2026/07/26 - 11:04:18 | 200 |  68.24ms |             ::1 | GET      "/api/v1/shifts?limit=100"
[GIN] 2026/07/26 - 11:04:18 | 200 |  88.16ms |             ::1 | GET      "/api/v1/groups?limit=100"
[GIN] 2026/07/26 - 11:04:18 | 200 |   7.91ms |             ::1 | GET      "/api/v1/employees?employee_type=Regular&status=active&page=1&limit=20"
[GIN] 2026/07/26 - 11:04:27 | 200 |   1.33ms |             ::1 | GET      "/api/v1/sections?limit=100&department_id=c5088556-a5ef-41b8-9e7e-3b0ea3abc9eb"
[GIN] 2026/07/26 - 11:04:29 | 200 |   4.48ms |             ::1 | GET      "/api/v1/employees?employee_type=Regular&status=active&department_id=c5088556-a5ef-41b8-9e7e-3b0ea3abc9eb&page=1&limit=20"
[GIN] 2026/07/26 - 11:04:37 | 200 |   7.49ms |             ::1 | GET      "/api/v1/employees/a4fc4784-2893-424b-82c9-114b0a7905e2"
[GIN] 2026/07/26 - 11:04:38 | 200 |   2.61ms |             ::1 | GET      "/api/v1/shifts"
[GIN] 2026/07/26 - 11:04:38 | 200 |    2.7ms |             ::1 | GET      "/api/v1/companies"
[GIN] 2026/07/26 - 11:04:38 | 200 |   3.14ms |             ::1 | GET      "/api/v1/floors"
[GIN] 2026/07/26 - 11:04:38 | 200 |   3.64ms |             ::1 | GET      "/api/v1/divisions"
[GIN] 2026/07/26 - 11:04:38 | 200 |   2.19ms |             ::1 | GET      "/api/v1/departments"
[GIN] 2026/07/26 - 11:04:38 | 200 |       0s |             ::1 | GET      "/api/v1/designations?section_id=6406fab5-6ace-42b0-82b1-e1139b673f3a"
[GIN] 2026/07/26 - 11:04:38 | 200 |  998.1µs |             ::1 | GET      "/api/v1/upazilas?district_id=2a274bc4-588a-4636-bf8e-cedb54e0cc3f"
[GIN] 2026/07/26 - 11:04:38 | 200 |   8.91ms |             ::1 | GET      "/api/v1/unions?upazila_id=9cfba936-06e1-4348-9ba9-3fff6c8e0917"
[GIN] 2026/07/26 - 11:04:38 | 200 |       0s |             ::1 | GET      "/api/v1/lines?section_id=6406fab5-6ace-42b0-82b1-e1139b673f3a"
[GIN] 2026/07/26 - 11:04:38 | 200 |   2.99ms |             ::1 | GET      "/api/v1/unions?upazila_id=9cfba936-06e1-4348-9ba9-3fff6c8e0917"
[GIN] 2026/07/26 - 11:04:38 | 200 |       0s |             ::1 | GET      "/api/v1/upazilas?district_id=2a274bc4-588a-4636-bf8e-cedb54e0cc3f"
[GIN] 2026/07/26 - 11:04:38 | 200 |  999.4µs |             ::1 | GET      "/api/v1/districts?division_id=1cdee09d-6c8d-4536-9270-d5f3db93091a"
[GIN] 2026/07/26 - 11:04:38 | 200 | 101.43ms |             ::1 | GET      "/api/v1/groups"
[GIN] 2026/07/26 - 11:04:38 | 200 |   1.07ms |             ::1 | GET      "/api/v1/districts?division_id=1cdee09d-6c8d-4536-9270-d5f3db93091a"
[GIN] 2026/07/26 - 11:04:38 | 200 | 109.19ms |             ::1 | GET      "/api/v1/sections?department_id=c5088556-a5ef-41b8-9e7e-3b0ea3abc9eb"
[GIN] 2026/07/26 - 11:04:52 | 200 |  508.2µs |             ::1 | GET      "/api/v1/lines?section_id=3298537e-0be9-4219-9397-019e9cc0dc24"
[GIN] 2026/07/26 - 11:04:52 | 200 |  508.2µs |             ::1 | GET      "/api/v1/designations?section_id=3298537e-0be9-4219-9397-019e9cc0dc24"
[GIN] 2026/07/26 - 11:05:03 | 200 |   6.15ms |             ::1 | PUT      "/api/v1/employees/a4fc4784-2893-424b-82c9-114b0a7905e2"
[GIN] 2026/07/26 - 11:05:03 | 200 |   1.69ms |             ::1 | GET      "/api/v1/shifts?limit=100"
[GIN] 2026/07/26 - 11:05:03 | 200 |   1.03ms |             ::1 | GET      "/api/v1/companies?limit=100"
[GIN] 2026/07/26 - 11:05:03 | 200 |   6.05ms |             ::1 | GET      "/api/v1/departments?limit=100"
[GIN] 2026/07/26 - 11:05:03 | 200 |  17.73ms |             ::1 | GET      "/api/v1/employees?employee_type=Regular&status=active&page=1&limit=20"
[GIN] 2026/07/26 - 11:05:03 | 200 |  506.4µs |             ::1 | GET      "/api/v1/floors?limit=100"
[GIN] 2026/07/26 - 11:05:03 | 200 |   1.12ms |             ::1 | GET      "/api/v1/groups?limit=100"
[GIN] 2026/07/26 - 11:05:03 | 200 |   6.32ms |             ::1 | GET      "/api/v1/employees?employee_type=Regular&status=active&page=1&limit=20"
[GIN] 2026/07/26 - 11:05:21 | 200 |   5.96ms |             ::1 | GET      "/api/v1/employees?employee_type=Regular&status=active&page=2&limit=20"
[GIN] 2026/07/26 - 11:05:31 | 200 |   5.24ms |             ::1 | GET      "/api/v1/employees?employee_type=Regular&status=active&employee_id=16&page=1&limit=20"
[GIN] 2026/07/26 - 11:05:31 | 200 |   6.52ms |             ::1 | GET      "/api/v1/employees?employee_type=Regular&status=active&employee_id=16&page=1&limit=20"
[GIN] 2026/07/26 - 11:05:40 | 200 |   1.55ms |             ::1 | GET      "/api/v1/companies?limit=100"
[GIN] 2026/07/26 - 11:05:40 | 200 |   5.96ms |             ::1 | GET      "/api/v1/attendance/stats"
[GIN] 2026/07/26 - 11:05:51 | 200 |     6.9s |             ::1 | POST     "/api/v1/data-logs/process"
[GIN] 2026/07/26 - 11:05:51 | 200 |    1.1ms |             ::1 | GET      "/api/v1/attendance/stats"
[GIN] 2026/07/26 - 11:05:53 | 200 |   1.13ms |             ::1 | GET      "/api/v1/companies?limit=100"
[GIN] 2026/07/26 - 11:05:53 | 200 |   1.19ms |             ::1 | GET      "/api/v1/groups?limit=100"
[GIN] 2026/07/26 - 11:05:53 | 200 |   7.88ms |             ::1 | GET      "/api/v1/shifts?limit=100"
[GIN] 2026/07/26 - 11:05:53 | 200 |  25.53ms |             ::1 | GET      "/api/v1/attendance?date=2026-07-26&page=1&limit=20"
[GIN] 2026/07/26 - 11:05:53 | 200 |   9.04ms |             ::1 | GET      "/api/v1/attendance?date=2026-07-26&page=1&limit=20"
[GIN] 2026/07/26 - 11:05:53 | 200 |  82.26ms |             ::1 | GET      "/api/v1/departments?limit=100"
[GIN] 2026/07/26 - 11:05:59 | 200 |   3.94ms |             ::1 | GET      "/api/v1/attendance?date=2026-07-26&status=absent&page=1&limit=20"
[GIN] 2026/07/26 - 11:06:41 | 200 |   3.67ms |             ::1 | GET      "/api/v1/companies?limit=100"
[GIN] 2026/07/26 - 11:06:41 | 200 |   3.16ms |             ::1 | GET      "/api/v1/departments?limit=100"
[GIN] 2026/07/26 - 11:06:41 | 200 |   3.97ms |             ::1 | GET      "/api/v1/groups?limit=100"
[GIN] 2026/07/26 - 11:06:41 | 200 |  11.27ms |             ::1 | GET      "/api/v1/attendance/summary?start_date=2026-07-26&end_date=2026-07-26&group_by=department"
[GIN] 2026/07/26 - 11:06:41 | 200 |  63.21ms |             ::1 | GET      "/api/v1/shifts?limit=100"
[GIN] 2026/07/26 - 11:06:43 | 200 |   3.15ms |             ::1 | GET      "/api/v1/attendance/summary?start_date=2026-07-26&end_date=2026-07-26&group_by=section"
[GIN] 2026/07/26 - 11:06:44 | 200 |   3.01ms |             ::1 | GET      "/api/v1/attendance/summary?start_date=2026-07-26&end_date=2026-07-26&group_by=designation"
[GIN] 2026/07/26 - 11:06:45 | 200 |    3.3ms |             ::1 | GET      "/api/v1/attendance/summary?start_date=2026-07-26&end_date=2026-07-26&group_by=line"
[GIN] 2026/07/26 - 11:06:45 | 200 |   3.11ms |             ::1 | GET      "/api/v1/attendance/summary?start_date=2026-07-26&end_date=2026-07-26&group_by=group"
[GIN] 2026/07/26 - 11:10:19 | 200 |  16.59ms |             ::1 | GET      "/api/v1/auth/me"
[GIN] 2026/07/26 - 11:10:19 | 200 |   6.87ms |             ::1 | GET      "/api/v1/shifts?limit=100"
[GIN] 2026/07/26 - 11:10:19 | 200 |   1.01ms |             ::1 | GET      "/api/v1/groups?limit=100"
[GIN] 2026/07/26 - 11:10:19 | 200 |  23.73ms |             ::1 | GET      "/api/v1/attendance/summary?start_date=2026-07-26&end_date=2026-07-26&group_by=department"
[GIN] 2026/07/26 - 11:10:19 | 200 | 168.69ms |             ::1 | GET      "/api/v1/departments?limit=100"
[GIN] 2026/07/26 - 11:10:19 | 200 | 209.03ms |             ::1 | GET      "/api/v1/companies?limit=100"
Database connected successfully
[GIN] 2026/07/26 - 11:18:26 | 200 |       0s |             ::1 | GET      "/health"
[GIN] 2026/07/26 - 11:18:31 | 200 |       0s |             ::1 | GET      "/health"
[GIN] 2026/07/26 - 11:18:45 | 401 |       0s |             ::1 | GET      "/api/v1/auth/me"
[GIN] 2026/07/26 - 11:18:57 | 401 |       0s |             ::1 | GET      "/api/v1/auth/me"

2026/07/26 11:18:57 [31;1mG:/softwer/People-hub/internal/repository/user.go:123 [35;1mrecord not found
[0m[33m[2.899ms] [34;1m[rows:0][0m SELECT * FROM "employees" WHERE (user_id = 'bc342b4c-9896-4658-a041-74f288b56098' AND deleted_at IS NULL) AND "employees"."deleted_at" IS NULL ORDER BY "employees"."id" LIMIT 1
[GIN] 2026/07/26 - 11:18:57 | 200 |  24.87ms |             ::1 | POST     "/api/v1/auth/refresh"
[GIN] 2026/07/26 - 11:18:57 | 200 |  48.82ms |             ::1 | GET      "/api/v1/auth/me"
[GIN] 2026/07/26 - 11:19:14 | 200 |   1.51ms |             ::1 | GET      "/api/v1/companies?page=1&limit=10"
[GIN] 2026/07/26 - 11:19:14 | 200 |   2.51ms |             ::1 | GET      "/api/v1/companies?page=1&limit=10"
[GIN] 2026/07/26 - 11:19:14 | 200 |   1.34ms |             ::1 | GET      "/api/v1/companies?page=1&limit=10"
[GIN] 2026/07/26 - 11:19:14 | 200 | 115.68ms |             ::1 | GET      "/uploads/1a55adad8432f580_1784437436973812700.png"
[GIN] 2026/07/26 - 11:19:24 | 200 |   4.23ms |             ::1 | GET      "/api/v1/departments?limit=100"
[GIN] 2026/07/26 - 11:19:24 | 200 |   1.58ms |             ::1 | GET      "/api/v1/groups?limit=100"
[GIN] 2026/07/26 - 11:19:24 | 200 |   7.57ms |             ::1 | GET      "/api/v1/employees?employee_type=Regular&status=active&page=1&limit=20"
[GIN] 2026/07/26 - 11:19:24 | 200 |   99.9ms |             ::1 | GET      "/api/v1/floors?limit=100"
[GIN] 2026/07/26 - 11:19:24 | 200 |  105.9ms |             ::1 | GET      "/api/v1/shifts?limit=100"
[GIN] 2026/07/26 - 11:19:24 | 200 | 113.77ms |             ::1 | GET      "/api/v1/companies?limit=100"
[GIN] 2026/07/26 - 11:19:24 | 200 |  32.52ms |             ::1 | GET      "/api/v1/employees?employee_type=Regular&status=active&page=1&limit=20"
[GIN] 2026/07/26 - 11:19:34 | 400 |       0s |             ::1 | POST     "/api/v1/auth/logout"

2026/07/26 11:19:38 [31;1mG:/softwer/People-hub/internal/repository/user.go:123 [35;1mrecord not found
[0m[33m[1.117ms] [34;1m[rows:0][0m SELECT * FROM "employees" WHERE (user_id = 'bc342b4c-9896-4658-a041-74f288b56098' AND deleted_at IS NULL) AND "employees"."deleted_at" IS NULL ORDER BY "employees"."id" LIMIT 1
[GIN] 2026/07/26 - 11:19:38 | 200 | 309.65ms |             ::1 | POST     "/api/v1/auth/login"
[GIN] 2026/07/26 - 11:19:38 | 200 |    1.4ms |             ::1 | GET      "/api/v1/auth/me"
[GIN] 2026/07/26 - 11:20:01 | 200 |    512µs |             ::1 | GET      "/api/v1/departments?limit=100"
[GIN] 2026/07/26 - 11:20:01 | 200 |       0s |             ::1 | GET      "/api/v1/companies?limit=100"
[GIN] 2026/07/26 - 11:20:01 | 200 |   1.39ms |             ::1 | GET      "/api/v1/shifts?limit=100"
[GIN] 2026/07/26 - 11:20:01 | 200 |  25.93ms |             ::1 | GET      "/api/v1/groups?limit=100"
[GIN] 2026/07/26 - 11:20:01 | 200 |  31.64ms |             ::1 | GET      "/api/v1/attendance?date=2026-07-26&page=1&limit=20"
[GIN] 2026/07/26 - 11:20:01 | 200 |   3.63ms |             ::1 | GET      "/api/v1/attendance?date=2026-07-26&page=1&limit=20"
[GIN] 2026/07/26 - 11:20:10 | 200 |    2.1ms |             ::1 | GET      "/api/v1/leave-types?page=1&limit=20"
[GIN] 2026/07/26 - 11:20:12 | 200 |  744.1µs |             ::1 | GET      "/api/v1/departments?limit=100"
[GIN] 2026/07/26 - 11:20:12 | 200 |   4.42ms |             ::1 | GET      "/api/v1/companies?limit=100"
[GIN] 2026/07/26 - 11:20:12 | 200 |   6.66ms |             ::1 | GET      "/api/v1/leaves?from_date=2026-07-26&to_date=2026-07-26&page=1&limit=20"
[GIN] 2026/07/26 - 11:20:12 | 200 |   1.32ms |             ::1 | GET      "/api/v1/leaves?from_date=2026-07-26&to_date=2026-07-26&page=1&limit=20"
[GIN] 2026/07/26 - 11:20:55 | 200 |   3.81ms |             ::1 | GET      "/api/v1/auth/me"
[GIN] 2026/07/26 - 11:21:13 | 401 |       0s |             ::1 | GET      "/api/v1/auth/me"
[GIN] 2026/07/26 - 11:21:52 | 401 |  22.29ms |             ::1 | GET      "/api/v1/companies?page=1&limit=10"
[GIN] 2026/07/26 - 11:21:52 | 401 |       0s |             ::1 | GET      "/api/v1/companies?page=1&limit=10"
[GIN] 2026/07/26 - 11:21:52 | 401 |  572.5µs |             ::1 | GET      "/api/v1/companies?page=1&limit=10"
[GIN] 2026/07/26 - 11:21:52 | 401 |       0s |             ::1 | GET      "/api/v1/companies?page=1&limit=10"
[GIN] 2026/07/26 - 11:21:52 | 401 |       0s |             ::1 | GET      "/api/v1/companies?page=1&limit=10"
[GIN] 2026/07/26 - 11:21:52 | 401 |       0s |             ::1 | GET      "/api/v1/companies?page=1&limit=10"
[GIN] 2026/07/26 - 11:21:57 | 401 |       0s |             ::1 | GET      "/api/v1/auth/me"
[GIN] 2026/07/26 - 11:21:57 | 401 |       0s |             ::1 | GET      "/api/v1/companies?page=1&limit=10"
[GIN] 2026/07/26 - 11:21:57 | 401 |   1.01ms |             ::1 | GET      "/api/v1/companies?page=1&limit=10"
[GIN] 2026/07/26 - 11:21:57 | 401 |       0s |             ::1 | GET      "/api/v1/companies?page=1&limit=10"
[GIN] 2026/07/26 - 11:22:04 | 401 |  999.9µs |             ::1 | GET      "/api/v1/companies?page=1&limit=10"
[GIN] 2026/07/26 - 11:22:04 | 401 |       0s |             ::1 | GET      "/api/v1/auth/me"
[GIN] 2026/07/26 - 11:22:04 | 401 |       0s |             ::1 | GET      "/api/v1/companies?page=1&limit=10"
[GIN] 2026/07/26 - 11:22:04 | 401 |       0s |             ::1 | GET      "/api/v1/companies?page=1&limit=10"
[GIN] 2026/07/26 - 11:24:18 | 401 |       0s |             ::1 | GET      "/api/v1/auth/me"
[GIN] 2026/07/26 - 11:24:18 | 401 |  998.3µs |             ::1 | GET      "/api/v1/companies?page=1&limit=10"
[GIN] 2026/07/26 - 11:24:18 | 401 |       0s |             ::1 | GET      "/api/v1/companies?page=1&limit=10"
[GIN] 2026/07/26 - 11:24:18 | 401 |       0s |             ::1 | GET      "/api/v1/companies?page=1&limit=10"
[GIN] 2026/07/26 - 11:28:22 | 200 |    103ms |             ::1 | GET      "/health"
[GIN] 2026/07/26 - 11:29:11 | 200 | 477.98ms |             ::1 | GET      "/api/v1/auth/me"
[GIN] 2026/07/26 - 11:29:27 | 200 | 113.43ms |             ::1 | GET      "/api/v1/companies?page=1&limit=10"
[GIN] 2026/07/26 - 11:29:27 | 200 |   9.11ms |             ::1 | GET      "/api/v1/companies?page=1&limit=10"
[GIN] 2026/07/26 - 11:29:27 | 200 |    5.5ms |             ::1 | GET      "/api/v1/companies?page=1&limit=10"
[GIN] 2026/07/26 - 11:29:30 | 200 |  60.78ms |             ::1 | GET      "/api/v1/companies?limit=100"
[GIN] 2026/07/26 - 11:29:30 | 200 |  91.29ms |             ::1 | GET      "/api/v1/floors?limit=100"
[GIN] 2026/07/26 - 11:29:30 | 200 | 176.83ms |             ::1 | GET      "/api/v1/groups?limit=100"
[GIN] 2026/07/26 - 11:29:30 | 200 | 204.08ms |             ::1 | GET      "/api/v1/departments?limit=100"
[GIN] 2026/07/26 - 11:29:30 | 200 | 214.11ms |             ::1 | GET      "/api/v1/shifts?limit=100"
[GIN] 2026/07/26 - 11:29:30 | 200 | 336.99ms |             ::1 | GET      "/api/v1/employees?employee_type=Regular&status=active&page=1&limit=20"
[GIN] 2026/07/26 - 11:29:30 | 200 |   9.99ms |             ::1 | GET      "/api/v1/employees?employee_type=Regular&status=active&page=1&limit=20"
[GIN] 2026/07/26 - 11:29:51 | 401 |   8.37ms |             ::1 | GET      "/api/v1/auth/me"
[GIN] 2026/07/26 - 11:29:54 | 204 |       0s |             ::1 | OPTIONS  "/api/v1/auth/login"

2026/07/26 11:29:54 [31;1mG:/softwer/People-hub/internal/repository/user.go:123 [35;1mrecord not found
[0m[33m[1.365ms] [34;1m[rows:0][0m SELECT * FROM "employees" WHERE (user_id = 'bc342b4c-9896-4658-a041-74f288b56098' AND deleted_at IS NULL) AND "employees"."deleted_at" IS NULL ORDER BY "employees"."id" LIMIT 1
[GIN] 2026/07/26 - 11:29:54 | 200 | 623.11ms |             ::1 | POST     "/api/v1/auth/login"
[GIN] 2026/07/26 - 11:29:55 | 204 |       0s |             ::1 | OPTIONS  "/api/v1/auth/me"
[GIN] 2026/07/26 - 11:29:55 | 204 |       0s |             ::1 | OPTIONS  "/api/v1/auth/me"
[GIN] 2026/07/26 - 11:29:55 | 200 |   1.73ms |             ::1 | GET      "/api/v1/auth/me"
[GIN] 2026/07/26 - 11:29:55 | 200 |    701µs |             ::1 | GET      "/api/v1/auth/me"
[GIN] 2026/07/26 - 11:29:57 | 204 |       0s |             ::1 | OPTIONS  "/api/v1/companies?page=1&limit=10"
[GIN] 2026/07/26 - 11:29:57 | 204 |       0s |             ::1 | OPTIONS  "/api/v1/companies?page=1&limit=10"
[GIN] 2026/07/26 - 11:29:57 | 204 |       0s |             ::1 | OPTIONS  "/api/v1/companies?page=1&limit=10"
[GIN] 2026/07/26 - 11:29:57 | 200 |    1.8ms |             ::1 | GET      "/api/v1/companies?page=1&limit=10"
[GIN] 2026/07/26 - 11:29:57 | 200 |  877.8µs |             ::1 | GET      "/api/v1/companies?page=1&limit=10"
[GIN] 2026/07/26 - 11:29:57 | 200 |  825.5µs |             ::1 | GET      "/api/v1/companies?page=1&limit=10"
[GIN] 2026/07/26 - 11:29:57 | 200 |   1.86ms |             ::1 | GET      "/api/v1/companies?page=1&limit=10"
[GIN] 2026/07/26 - 11:29:57 | 200 |   1.05ms |             ::1 | GET      "/api/v1/companies?page=1&limit=10"
[GIN] 2026/07/26 - 11:29:57 | 200 |  636.3µs |             ::1 | GET      "/api/v1/companies?page=1&limit=10"
[GIN] 2026/07/26 - 11:29:57 | 200 |  52.69ms |             ::1 | GET      "/uploads/1a55adad8432f580_1784437436973812700.png"
[GIN] 2026/07/26 - 11:30:07 | 204 |       0s |             ::1 | OPTIONS  "/api/v1/companies?limit=100"
[GIN] 2026/07/26 - 11:30:07 | 204 |       0s |             ::1 | OPTIONS  "/api/v1/departments?limit=100"
[GIN] 2026/07/26 - 11:30:07 | 204 |       0s |             ::1 | OPTIONS  "/api/v1/shifts?limit=100"
[GIN] 2026/07/26 - 11:30:07 | 204 |       0s |             ::1 | OPTIONS  "/api/v1/groups?limit=100"
[GIN] 2026/07/26 - 11:30:07 | 200 |   5.71ms |             ::1 | GET      "/api/v1/departments?limit=100"
[GIN] 2026/07/26 - 11:30:07 | 200 |   5.52ms |             ::1 | GET      "/api/v1/shifts?limit=100"
[GIN] 2026/07/26 - 11:30:07 | 204 |       0s |             ::1 | OPTIONS  "/api/v1/floors?limit=100"
[GIN] 2026/07/26 - 11:30:07 | 204 |       0s |             ::1 | OPTIONS  "/api/v1/employees?employee_type=Regular&status=active&page=1&limit=20"
[GIN] 2026/07/26 - 11:30:07 | 200 |   3.01ms |             ::1 | GET      "/api/v1/groups?limit=100"
[GIN] 2026/07/26 - 11:30:07 | 200 |  25.76ms |             ::1 | GET      "/api/v1/companies?limit=100"
[GIN] 2026/07/26 - 11:30:07 | 200 |   1.52ms |             ::1 | GET      "/api/v1/floors?limit=100"
[GIN] 2026/07/26 - 11:30:07 | 200 |   2.52ms |             ::1 | GET      "/api/v1/departments?limit=100"
[GIN] 2026/07/26 - 11:30:07 | 200 |  995.7µs |             ::1 | GET      "/api/v1/companies?limit=100"
[GIN] 2026/07/26 - 11:30:07 | 200 |    999µs |             ::1 | GET      "/api/v1/groups?limit=100"
[GIN] 2026/07/26 - 11:30:07 | 200 |  27.21ms |             ::1 | GET      "/api/v1/employees?employee_type=Regular&status=active&page=1&limit=20"
[GIN] 2026/07/26 - 11:30:07 | 200 |   15.6ms |             ::1 | GET      "/api/v1/employees?employee_type=Regular&status=active&page=1&limit=20"
[GIN] 2026/07/26 - 11:30:07 | 200 | 170.67ms |             ::1 | GET      "/api/v1/floors?limit=100"
[GIN] 2026/07/26 - 11:30:07 | 200 | 171.85ms |             ::1 | GET      "/api/v1/shifts?limit=100"
[GIN] 2026/07/26 - 11:30:07 | 200 |   7.22ms |             ::1 | GET      "/api/v1/employees?employee_type=Regular&status=active&page=1&limit=20"
[GIN] 2026/07/26 - 11:30:08 | 200 |   7.18ms |             ::1 | GET      "/api/v1/employees?employee_type=Regular&status=active&page=1&limit=20"
Database connected successfully
[GIN] 2026/07/26 - 11:36:33 | 200 |   45.3ms |             ::1 | GET      "/health"
Database connected successfully
[GIN] 2026/07/26 - 11:39:30 | 200 |  537.6µs |             ::1 | GET      "/health"
Database connected successfully
[GIN] 2026/07/26 - 11:42:41 | 200 |       0s |             ::1 | GET      "/health"
[GIN] 2026/07/26 - 11:42:46 | 200 |       0s |             ::1 | GET      "/health"
[GIN] 2026/07/26 - 11:43:47 | 401 |  35.42ms |             ::1 | GET      "/api/v1/auth/me"
Database connected successfully
[GIN] 2026/07/26 - 11:44:32 | 200 |       0s |             ::1 | GET      "/health"
[GIN] 2026/07/26 - 11:46:28 | 204 |  525.9µs |             ::1 | OPTIONS  "/api/v1/auth/me"
[GIN] 2026/07/26 - 11:46:28 | 401 |  78.39ms |             ::1 | GET      "/api/v1/auth/me"
[GIN] 2026/07/26 - 11:46:28 | 204 |       0s |             ::1 | OPTIONS  "/api/v1/auth/refresh"

2026/07/26 11:46:28 [31;1mG:/softwer/People-hub/internal/repository/user.go:123 [35;1mrecord not found
[0m[33m[4.813ms] [34;1m[rows:0][0m SELECT * FROM "employees" WHERE (user_id = 'bc342b4c-9896-4658-a041-74f288b56098' AND deleted_at IS NULL) AND "employees"."deleted_at" IS NULL ORDER BY "employees"."id" LIMIT 1
[GIN] 2026/07/26 - 11:46:28 | 200 | 257.59ms |             ::1 | POST     "/api/v1/auth/refresh"
[GIN] 2026/07/26 - 11:46:28 | 200 |  64.82ms |             ::1 | GET      "/api/v1/auth/me"
[GIN] 2026/07/26 - 11:46:57 | 204 |       0s |             ::1 | OPTIONS  "/api/v1/auth/me"
[GIN] 2026/07/26 - 11:46:57 | 200 |      2ms |             ::1 | GET      "/api/v1/auth/me"
[GIN] 2026/07/26 - 11:47:03 | 204 |       0s |             ::1 | OPTIONS  "/api/v1/companies?limit=100"
[GIN] 2026/07/26 - 11:47:03 | 204 |       0s |             ::1 | OPTIONS  "/api/v1/departments?limit=100"
[GIN] 2026/07/26 - 11:47:03 | 204 |       0s |             ::1 | OPTIONS  "/api/v1/shifts?limit=100"
[GIN] 2026/07/26 - 11:47:03 | 204 |       0s |             ::1 | OPTIONS  "/api/v1/employees?employee_type=Regular&status=active&page=1&limit=20"
[GIN] 2026/07/26 - 11:47:03 | 204 |       0s |             ::1 | OPTIONS  "/api/v1/groups?limit=100"
[GIN] 2026/07/26 - 11:47:03 | 204 |  999.4µs |             ::1 | OPTIONS  "/api/v1/groups?limit=100"
[GIN] 2026/07/26 - 11:47:03 | 204 |       0s |             ::1 | OPTIONS  "/api/v1/floors?limit=100"
[GIN] 2026/07/26 - 11:47:03 | 204 |       0s |             ::1 | OPTIONS  "/api/v1/floors?limit=100"
[GIN] 2026/07/26 - 11:47:03 | 204 |       0s |             ::1 | OPTIONS  "/api/v1/employees?employee_type=Regular&status=active&page=1&limit=20"
[GIN] 2026/07/26 - 11:47:03 | 200 | 160.28ms |             ::1 | GET      "/api/v1/floors?limit=100"
[GIN] 2026/07/26 - 11:47:03 | 200 |  996.4µs |             ::1 | GET      "/api/v1/floors?limit=100"
[GIN] 2026/07/26 - 11:47:03 | 200 | 303.94ms |             ::1 | GET      "/api/v1/departments?limit=100"
[GIN] 2026/07/26 - 11:47:03 | 200 | 322.93ms |             ::1 | GET      "/api/v1/shifts?limit=100"
[GIN] 2026/07/26 - 11:47:03 | 200 |      2ms |             ::1 | GET      "/api/v1/departments?limit=100"
[GIN] 2026/07/26 - 11:47:03 | 200 |   4.99ms |             ::1 | GET      "/api/v1/shifts?limit=100"
[GIN] 2026/07/26 - 11:47:03 | 200 | 385.98ms |             ::1 | GET      "/api/v1/companies?limit=100"
[GIN] 2026/07/26 - 11:47:03 | 200 |  997.2µs |             ::1 | GET      "/api/v1/companies?limit=100"

2026/07/26 11:47:03 [32mG:/softwer/People-hub/internal/repository/group.go:29 [33mSLOW SQL >= 200ms
[0m[31;1m[329.435ms] [33m[rows:1][35m SELECT count(*) FROM "groups" WHERE deleted_at IS NULL AND "groups"."deleted_at" IS NULL[0m
[GIN] 2026/07/26 - 11:47:03 | 200 | 403.16ms |             ::1 | GET      "/api/v1/groups?limit=100"
[GIN] 2026/07/26 - 11:47:03 | 200 |  13.91ms |             ::1 | GET      "/api/v1/groups?limit=100"

2026/07/26 11:47:04 [32mG:/softwer/People-hub/internal/handlers/employee.go:359 [33mSLOW SQL >= 200ms
[0m[31;1m[371.167ms] [33m[rows:20][35m SELECT * FROM "employees" WHERE status = 'active' AND employee_type = 'Regular' AND "employees"."deleted_at" IS NULL LIMIT 20[0m
[GIN] 2026/07/26 - 11:47:04 | 200 | 622.15ms |             ::1 | GET      "/api/v1/employees?employee_type=Regular&status=active&page=1&limit=20"
[GIN] 2026/07/26 - 11:47:04 | 200 |  11.69ms |             ::1 | GET      "/api/v1/employees?employee_type=Regular&status=active&page=1&limit=20"
[GIN] 2026/07/26 - 11:47:04 | 200 |   5.03ms |             ::1 | GET      "/api/v1/employees?employee_type=Regular&status=active&page=1&limit=20"
[GIN] 2026/07/26 - 11:47:04 | 200 |  10.77ms |             ::1 | GET      "/api/v1/employees?employee_type=Regular&status=active&page=1&limit=20"
[GIN] 2026/07/26 - 11:47:24 | 204 |       0s |             ::1 | OPTIONS  "/api/v1/auth/me"
[GIN] 2026/07/26 - 11:47:24 | 200 |   9.73ms |             ::1 | GET      "/api/v1/auth/me"
[GIN] 2026/07/26 - 11:47:27 | 401 |       0s |             ::1 | GET      "/api/v1/auth/me"

2026/07/26 11:47:27 [31;1mG:/softwer/People-hub/internal/repository/user.go:123 [35;1mrecord not found
[0m[33m[4.102ms] [34;1m[rows:0][0m SELECT * FROM "employees" WHERE (user_id = 'bc342b4c-9896-4658-a041-74f288b56098' AND deleted_at IS NULL) AND "employees"."deleted_at" IS NULL ORDER BY "employees"."id" LIMIT 1
[GIN] 2026/07/26 - 11:47:27 | 200 |  43.94ms |             ::1 | POST     "/api/v1/auth/refresh"
[GIN] 2026/07/26 - 11:47:27 | 200 |  792.2µs |             ::1 | GET      "/api/v1/auth/me"
[GIN] 2026/07/26 - 11:47:34 | 200 |   1.51ms |             ::1 | GET      "/api/v1/departments?limit=100"
[GIN] 2026/07/26 - 11:47:34 | 200 |   5.27ms |             ::1 | GET      "/api/v1/groups?limit=100"
[GIN] 2026/07/26 - 11:47:34 | 200 |   6.79ms |             ::1 | GET      "/api/v1/companies?limit=100"
[GIN] 2026/07/26 - 11:47:35 | 200 | 123.73ms |             ::1 | GET      "/api/v1/shifts?limit=100"
[GIN] 2026/07/26 - 11:47:35 | 200 | 206.11ms |             ::1 | GET      "/api/v1/attendance?date=2026-07-26&page=1&limit=20"
[GIN] 2026/07/26 - 11:47:35 | 200 |    4.1ms |             ::1 | GET      "/api/v1/attendance?date=2026-07-26&page=1&limit=20"
[GIN] 2026/07/26 - 11:49:16 | 200 |   1.51ms |             ::1 | GET      "/api/v1/auth/me"
[GIN] 2026/07/26 - 11:49:16 | 200 |   3.44ms |             ::1 | GET      "/api/v1/companies?limit=100"
[GIN] 2026/07/26 - 11:49:16 | 200 |   7.33ms |             ::1 | GET      "/api/v1/groups?limit=100"
[GIN] 2026/07/26 - 11:49:16 | 200 |  19.65ms |             ::1 | GET      "/api/v1/attendance?date=2026-07-26&page=1&limit=20"
[GIN] 2026/07/26 - 11:49:16 | 200 |  14.01ms |             ::1 | GET      "/api/v1/attendance?date=2026-07-26&page=1&limit=20"
[GIN] 2026/07/26 - 11:49:16 | 200 |  91.82ms |             ::1 | GET      "/api/v1/shifts?limit=100"
[GIN] 2026/07/26 - 11:49:16 | 200 | 100.09ms |             ::1 | GET      "/api/v1/departments?limit=100"
[GIN] 2026/07/26 - 11:49:24 | 200 |   2.53ms |             ::1 | GET      "/api/v1/auth/me"
[GIN] 2026/07/26 - 11:49:24 | 200 |   1.42ms |             ::1 | GET      "/api/v1/shifts?limit=100"
[GIN] 2026/07/26 - 11:49:24 | 200 |   1.01ms |             ::1 | GET      "/api/v1/companies?limit=100"
[GIN] 2026/07/26 - 11:49:24 | 200 |   3.89ms |             ::1 | GET      "/api/v1/groups?limit=100"
[GIN] 2026/07/26 - 11:49:24 | 200 |      3ms |             ::1 | GET      "/api/v1/departments?limit=100"
[GIN] 2026/07/26 - 11:49:24 | 200 |  11.31ms |             ::1 | GET      "/api/v1/attendance?date=2026-07-26&page=1&limit=20"
[GIN] 2026/07/26 - 11:49:24 | 200 |   3.96ms |             ::1 | GET      "/api/v1/attendance?date=2026-07-26&page=1&limit=20"
[GIN] 2026/07/26 - 12:01:38 | 200 |  42.43ms |             ::1 | GET      "/api/v1/auth/me"
[GIN] 2026/07/26 - 12:01:40 | 200 |  82.73ms |             ::1 | GET      "/api/v1/data-logs/stats"
[GIN] 2026/07/26 - 12:01:44 | 200 |   3.84ms |             ::1 | GET      "/api/v1/companies?limit=100"
[GIN] 2026/07/26 - 12:01:44 | 200 |  10.69ms |             ::1 | GET      "/api/v1/attendance/stats"
[GIN] 2026/07/26 - 12:01:58 | 200 |     8.4s |             ::1 | POST     "/api/v1/data-logs/process"
[GIN] 2026/07/26 - 12:01:58 | 200 |  34.74ms |             ::1 | GET      "/api/v1/attendance/stats"
[GIN] 2026/07/26 - 12:02:01 | 200 |      2ms |             ::1 | GET      "/api/v1/departments?limit=100"
[GIN] 2026/07/26 - 12:02:01 | 200 |   5.45ms |             ::1 | GET      "/api/v1/companies?limit=100"
[GIN] 2026/07/26 - 12:02:01 | 200 |    1.3ms |             ::1 | GET      "/api/v1/shifts?limit=100"
[GIN] 2026/07/26 - 12:02:01 | 200 |    1.3ms |             ::1 | GET      "/api/v1/groups?limit=100"
[GIN] 2026/07/26 - 12:02:01 | 200 |  22.28ms |             ::1 | GET      "/api/v1/attendance?date=2026-07-26&page=1&limit=20"
[GIN] 2026/07/26 - 12:02:01 | 200 |   6.01ms |             ::1 | GET      "/api/v1/attendance?date=2026-07-26&page=1&limit=20"
[GIN] 2026/07/26 - 12:02:03 | 200 |      1ms |             ::1 | GET      "/api/v1/departments?limit=100"
[GIN] 2026/07/26 - 12:02:03 | 200 |   1.64ms |             ::1 | GET      "/api/v1/shifts?limit=100"
[GIN] 2026/07/26 - 12:02:03 | 200 |   4.43ms |             ::1 | GET      "/api/v1/groups?limit=100"
[GIN] 2026/07/26 - 12:02:03 | 200 |  849.2µs |             ::1 | GET      "/api/v1/companies?limit=100"
[GIN] 2026/07/26 - 12:02:03 | 200 |  18.42ms |             ::1 | GET      "/api/v1/attendance/summary?start_date=2026-07-26&end_date=2026-07-26&group_by=department"
[GIN] 2026/07/26 - 12:02:05 | 200 |   3.94ms |             ::1 | GET      "/api/v1/attendance/summary?start_date=2026-07-26&end_date=2026-07-26&group_by=designation"
[GIN] 2026/07/26 - 12:02:05 | 200 |   3.29ms |             ::1 | GET      "/api/v1/attendance/summary?start_date=2026-07-26&end_date=2026-07-26&group_by=section"
[GIN] 2026/07/26 - 12:02:09 | 200 |    3.8ms |             ::1 | GET      "/api/v1/attendance/summary?start_date=2026-07-26&end_date=2026-07-26&group_by=designation"
[GIN] 2026/07/26 - 12:02:16 | 200 |   3.17ms |             ::1 | GET      "/api/v1/attendance/summary?start_date=2026-07-26&end_date=2026-07-26&group_by=line"
[GIN] 2026/07/26 - 12:02:40 | 401 |   5.24ms |             ::1 | GET      "/api/v1/shifts?limit=100"
[GIN] 2026/07/26 - 12:02:40 | 401 |   7.21ms |             ::1 | GET      "/api/v1/departments?limit=100"
[GIN] 2026/07/26 - 12:02:40 | 401 |   7.94ms |             ::1 | GET      "/api/v1/companies?limit=100"
[GIN] 2026/07/26 - 12:02:40 | 401 |   5.24ms |             ::1 | GET      "/api/v1/groups?limit=100"
[GIN] 2026/07/26 - 12:02:40 | 401 |       0s |             ::1 | GET      "/api/v1/floors?limit=100"
[GIN] 2026/07/26 - 12:02:40 | 401 |       0s |             ::1 | GET      "/api/v1/employees?employee_type=Regular&status=active&page=1&limit=20"

2026/07/26 12:02:40 [31;1mG:/softwer/People-hub/internal/repository/auth.go:25 [35;1mrecord not found
[0m[33m[70.336ms] [34;1m[rows:0][0m SELECT * FROM "refresh_tokens" WHERE token_hash = '9551004bc9273896e881fd47e3032d142f4995b82049531f7e63b57163580f37' AND revoked_at IS NULL AND expires_at > '2026-07-26 12:02:40.33' ORDER BY "refresh_tokens"."id" LIMIT 1
[GIN] 2026/07/26 - 12:02:40 | 401 | 151.45ms |             ::1 | POST     "/api/v1/auth/refresh"

2026/07/26 12:02:40 [31;1mG:/softwer/People-hub/internal/repository/user.go:123 [35;1mrecord not found
[0m[33m[6.370ms] [34;1m[rows:0][0m SELECT * FROM "employees" WHERE (user_id = 'bc342b4c-9896-4658-a041-74f288b56098' AND deleted_at IS NULL) AND "employees"."deleted_at" IS NULL ORDER BY "employees"."id" LIMIT 1

2026/07/26 12:02:40 [31;1mG:/softwer/People-hub/internal/repository/auth.go:25 [35;1mrecord not found
[0m[33m[71.981ms] [34;1m[rows:0][0m SELECT * FROM "refresh_tokens" WHERE token_hash = '9551004bc9273896e881fd47e3032d142f4995b82049531f7e63b57163580f37' AND revoked_at IS NULL AND expires_at > '2026-07-26 12:02:40.33' ORDER BY "refresh_tokens"."id" LIMIT 1
[GIN] 2026/07/26 - 12:02:40 | 401 | 150.94ms |             ::1 | POST     "/api/v1/auth/refresh"

2026/07/26 12:02:40 [31;1mG:/softwer/People-hub/internal/repository/user.go:123 [35;1mrecord not found
[0m[33m[1.518ms] [34;1m[rows:0][0m SELECT * FROM "employees" WHERE (user_id = 'bc342b4c-9896-4658-a041-74f288b56098' AND deleted_at IS NULL) AND "employees"."deleted_at" IS NULL ORDER BY "employees"."id" LIMIT 1

2026/07/26 12:02:40 [31;1mG:/softwer/People-hub/internal/repository/auth.go:25 [35;1mrecord not found
[0m[33m[79.588ms] [34;1m[rows:0][0m SELECT * FROM "refresh_tokens" WHERE token_hash = '9551004bc9273896e881fd47e3032d142f4995b82049531f7e63b57163580f37' AND revoked_at IS NULL AND expires_at > '2026-07-26 12:02:40.33' ORDER BY "refresh_tokens"."id" LIMIT 1
[GIN] 2026/07/26 - 12:02:40 | 401 | 123.99ms |             ::1 | POST     "/api/v1/auth/refresh"
[GIN] 2026/07/26 - 12:02:40 | 200 | 128.31ms |             ::1 | POST     "/api/v1/auth/refresh"

2026/07/26 12:02:40 [31;1mG:/softwer/People-hub/internal/repository/auth.go:25 [35;1mrecord not found
[0m[33m[121.245ms] [34;1m[rows:0][0m SELECT * FROM "refresh_tokens" WHERE token_hash = '9551004bc9273896e881fd47e3032d142f4995b82049531f7e63b57163580f37' AND revoked_at IS NULL AND expires_at > '2026-07-26 12:02:40.33' ORDER BY "refresh_tokens"."id" LIMIT 1
[GIN] 2026/07/26 - 12:02:40 | 401 |  128.5ms |             ::1 | POST     "/api/v1/auth/refresh"
[GIN] 2026/07/26 - 12:02:40 | 200 | 128.19ms |             ::1 | POST     "/api/v1/auth/refresh"
[GIN] 2026/07/26 - 12:02:40 | 401 |       0s |             ::1 | GET      "/api/v1/employees?employee_type=Regular&status=active&page=1&limit=20"
[GIN] 2026/07/26 - 12:02:40 | 200 |   2.52ms |             ::1 | GET      "/api/v1/shifts?limit=100"
[GIN] 2026/07/26 - 12:02:40 | 200 |  27.27ms |             ::1 | GET      "/api/v1/groups?limit=100"

2026/07/26 12:02:40 [31;1mG:/softwer/People-hub/internal/repository/user.go:123 [35;1mrecord not found
[0m[33m[6.311ms] [34;1m[rows:0][0m SELECT * FROM "employees" WHERE (user_id = 'bc342b4c-9896-4658-a041-74f288b56098' AND deleted_at IS NULL) AND "employees"."deleted_at" IS NULL ORDER BY "employees"."id" LIMIT 1
[GIN] 2026/07/26 - 12:02:40 | 200 |  22.57ms |             ::1 | POST     "/api/v1/auth/refresh"
[GIN] 2026/07/26 - 12:03:22 | 200 |   1.31ms |             ::1 | GET      "/api/v1/auth/me"
[GIN] 2026/07/26 - 12:03:22 | 200 | 170.73ms |             ::1 | GET      "/api/v1/dashboard/stats"
[GIN] 2026/07/26 - 12:03:25 | 200 |   1.37ms |             ::1 | GET      "/api/v1/companies?limit=100"
[GIN] 2026/07/26 - 12:03:25 | 200 |   4.87ms |             ::1 | GET      "/api/v1/departments?limit=100"
[GIN] 2026/07/26 - 12:03:25 | 200 |  824.4µs |             ::1 | GET      "/api/v1/groups?limit=100"
[GIN] 2026/07/26 - 12:03:25 | 200 |   1.01ms |             ::1 | GET      "/api/v1/shifts?limit=100"
[GIN] 2026/07/26 - 12:03:25 | 200 |  42.69ms |             ::1 | GET      "/api/v1/employees?employee_type=Regular&status=active&page=1&limit=20"
[GIN] 2026/07/26 - 12:03:25 | 200 |  98.73ms |             ::1 | GET      "/api/v1/floors?limit=100"
[GIN] 2026/07/26 - 12:03:25 | 200 |   31.7ms |             ::1 | GET      "/api/v1/employees?employee_type=Regular&status=active&page=1&limit=20"
[GIN] 2026/07/26 - 12:03:35 | 200 |    5.7ms |             ::1 | GET      "/api/v1/employees?employee_type=Regular&status=active&employee_id=1695&page=1&limit=20"
[GIN] 2026/07/26 - 12:03:38 | 200 |  13.78ms |             ::1 | GET      "/api/v1/employees/5c1ad8f0-28b2-429c-acfe-cacd9ee12bc3"
[GIN] 2026/07/26 - 12:03:38 | 200 |   1.09ms |             ::1 | GET      "/api/v1/shifts"
[GIN] 2026/07/26 - 12:03:38 | 200 |   2.53ms |             ::1 | GET      "/api/v1/floors"
[GIN] 2026/07/26 - 12:03:38 | 200 |    5.9ms |             ::1 | GET      "/api/v1/companies"
[GIN] 2026/07/26 - 12:03:38 | 200 |      1ms |             ::1 | GET      "/api/v1/groups"
[GIN] 2026/07/26 - 12:03:38 | 200 |  509.8µs |             ::1 | GET      "/api/v1/departments"
[GIN] 2026/07/26 - 12:03:38 | 200 |   4.76ms |             ::1 | GET      "/api/v1/sections?department_id=2d02ed78-0fa7-4eea-9888-fc626e550093"
[GIN] 2026/07/26 - 12:03:38 | 200 |   4.76ms |             ::1 | GET      "/api/v1/divisions"
[GIN] 2026/07/26 - 12:03:38 | 200 |  11.45ms |             ::1 | GET      "/api/v1/lines?section_id=c98de67c-4750-4c9c-91ae-6144bd28b252"
[GIN] 2026/07/26 - 12:03:38 | 200 |  10.21ms |             ::1 | GET      "/api/v1/upazilas?district_id=2a274bc4-588a-4636-bf8e-cedb54e0cc3f"
[GIN] 2026/07/26 - 12:03:38 | 200 |      1ms |             ::1 | GET      "/api/v1/upazilas?district_id=2a274bc4-588a-4636-bf8e-cedb54e0cc3f"
[GIN] 2026/07/26 - 12:03:38 | 200 | 123.55ms |             ::1 | GET      "/api/v1/unions?upazila_id=9cfba936-06e1-4348-9ba9-3fff6c8e0917"
[GIN] 2026/07/26 - 12:03:38 | 200 | 132.51ms |             ::1 | GET      "/api/v1/districts?division_id=1cdee09d-6c8d-4536-9270-d5f3db93091a"
[GIN] 2026/07/26 - 12:03:38 | 200 | 139.46ms |             ::1 | GET      "/api/v1/designations?section_id=c98de67c-4750-4c9c-91ae-6144bd28b252"
[GIN] 2026/07/26 - 12:03:38 | 200 |   3.95ms |             ::1 | GET      "/api/v1/unions?upazila_id=9cfba936-06e1-4348-9ba9-3fff6c8e0917"
[GIN] 2026/07/26 - 12:03:38 | 200 |   2.71ms |             ::1 | GET      "/api/v1/districts?division_id=1cdee09d-6c8d-4536-9270-d5f3db93091a"
[GIN] 2026/07/26 - 12:04:01 | 200 |  87.44ms |             ::1 | PUT      "/api/v1/employees/5c1ad8f0-28b2-429c-acfe-cacd9ee12bc3"
[GIN] 2026/07/26 - 12:04:02 | 200 |   2.71ms |             ::1 | GET      "/api/v1/companies?limit=100"
[GIN] 2026/07/26 - 12:04:02 | 200 |   8.49ms |             ::1 | GET      "/api/v1/floors?limit=100"
[GIN] 2026/07/26 - 12:04:02 | 200 |   6.86ms |             ::1 | GET      "/api/v1/departments?limit=100"
[GIN] 2026/07/26 - 12:04:02 | 200 |  22.24ms |             ::1 | GET      "/api/v1/employees?employee_type=Regular&status=active&page=1&limit=20"
[GIN] 2026/07/26 - 12:04:02 | 200 |   1.01ms |             ::1 | GET      "/api/v1/shifts?limit=100"
[GIN] 2026/07/26 - 12:04:02 | 200 |      1ms |             ::1 | GET      "/api/v1/groups?limit=100"
[GIN] 2026/07/26 - 12:04:02 | 200 |   4.01ms |             ::1 | GET      "/api/v1/employees?employee_type=Regular&status=active&page=1&limit=20"
[GIN] 2026/07/26 - 12:04:30 | 200 |  49.89ms |             ::1 | GET      "/api/v1/employees/8a172224-1ca7-4b8a-8dbe-69389f809495/profile"
[GIN] 2026/07/26 - 12:04:41 | 200 |  45.83ms |             ::1 | GET      "/api/v1/departments?limit=100"
[GIN] 2026/07/26 - 12:04:41 | 200 |  73.94ms |             ::1 | GET      "/api/v1/companies?limit=100"
[GIN] 2026/07/26 - 12:04:41 | 200 |  66.16ms |             ::1 | GET      "/api/v1/floors?limit=100"
[GIN] 2026/07/26 - 12:04:41 | 200 |  72.57ms |             ::1 | GET      "/api/v1/shifts?limit=100"
[GIN] 2026/07/26 - 12:04:41 | 200 |  77.89ms |             ::1 | GET      "/api/v1/employees?employee_type=Regular&status=active&page=1&limit=20"
[GIN] 2026/07/26 - 12:04:41 | 200 | 136.05ms |             ::1 | GET      "/api/v1/groups?limit=100"
[GIN] 2026/07/26 - 12:04:41 | 200 |  19.02ms |             ::1 | GET      "/api/v1/employees?employee_type=Regular&status=active&page=1&limit=20"
[GIN] 2026/07/26 - 12:05:37 | 200 |  651.4µs |             ::1 | GET      "/api/v1/departments?limit=100"
[GIN] 2026/07/26 - 12:05:37 | 200 |   2.07ms |             ::1 | GET      "/api/v1/companies?limit=100"
[GIN] 2026/07/26 - 12:05:37 | 200 |    537µs |             ::1 | GET      "/api/v1/groups?limit=100"
[GIN] 2026/07/26 - 12:05:37 | 200 |  54.49ms |             ::1 | GET      "/api/v1/shifts?limit=100"
[GIN] 2026/07/26 - 12:05:37 | 200 |  91.41ms |             ::1 | GET      "/api/v1/attendance?date=2026-07-26&page=1&limit=20"
[GIN] 2026/07/26 - 12:05:37 | 200 |   3.65ms |             ::1 | GET      "/api/v1/attendance?date=2026-07-26&page=1&limit=20"
[GIN] 2026/07/26 - 12:05:38 | 200 |  527.1µs |             ::1 | GET      "/api/v1/companies?limit=100"
[GIN] 2026/07/26 - 12:05:38 | 200 |       0s |             ::1 | GET      "/api/v1/shifts?limit=100"
[GIN] 2026/07/26 - 12:05:38 | 200 |  10.52ms |             ::1 | GET      "/api/v1/attendance/summary?start_date=2026-07-26&end_date=2026-07-26&group_by=department"
[GIN] 2026/07/26 - 12:05:38 | 200 |   4.74ms |             ::1 | GET      "/api/v1/departments?limit=100"
[GIN] 2026/07/26 - 12:05:38 | 200 |  44.23ms |             ::1 | GET      "/api/v1/groups?limit=100"
[GIN] 2026/07/26 - 12:05:40 | 200 |   7.48ms |             ::1 | GET      "/api/v1/attendance/summary?start_date=2026-07-26&end_date=2026-07-26&group_by=designation"
[GIN] 2026/07/26 - 12:05:49 | 200 |   3.76ms |             ::1 | GET      "/api/v1/attendance/summary?start_date=2026-07-26&end_date=2026-07-26&group_by=line"
[GIN] 2026/07/26 - 12:06:05 | 200 |   3.32ms |             ::1 | GET      "/api/v1/attendance/summary?start_date=2026-07-26&end_date=2026-07-26&group_by=group"
[GIN] 2026/07/26 - 12:06:07 | 200 |   2.64ms |             ::1 | GET      "/api/v1/attendance/summary?start_date=2026-07-26&end_date=2026-07-26&group_by=section"
[GIN] 2026/07/26 - 12:06:09 | 200 |   3.06ms |             ::1 | GET      "/api/v1/attendance/summary?start_date=2026-07-26&end_date=2026-07-26&group_by=department"
[GIN] 2026/07/26 - 12:06:10 | 200 |   2.95ms |             ::1 | GET      "/api/v1/attendance/summary?start_date=2026-07-26&end_date=2026-07-26&group_by=section"
[GIN] 2026/07/26 - 12:06:17 | 200 |   2.67ms |             ::1 | GET      "/api/v1/attendance/summary?start_date=2026-07-26&end_date=2026-07-26&group_by=designation"
[GIN] 2026/07/26 - 12:06:39 | 200 |   2.74ms |             ::1 | GET      "/api/v1/attendance/summary?start_date=2026-07-26&end_date=2026-07-26&group_by=line"
